,Source,Sink,Time,Value
0,SCE,SCE,1,0.0
1,SCE,SCE,2,0.0
2,SCE,SCE,3,0.0
3,SCE,SCE,4,0.0
4,SCE,SCE,5,0.0
5,SCE,SCE,6,0.0
6,SCE,SCE,7,0.0
7,SCE,SCE,8,0.0
8,SCE,SCE,9,0.0
9,SCE,SCE,10,0.0
10,SCE,SCE,11,0.0
11,SCE,SCE,12,0.0
12,SCE,SCE,13,0.0
13,SCE,SCE,14,0.0
14,SCE,SCE,15,0.0
15,SCE,SCE,16,0.0
16,SCE,SCE,17,0.0
17,SCE,SCE,18,0.0
18,SCE,SCE,19,0.0
19,SCE,SCE,20,0.0
20,SCE,SCE,21,0.0
21,SCE,SCE,22,0.0
22,SCE,SCE,23,0.0
23,SCE,SCE,24,0.0
24,SCE,SDGE,1,0.0
25,SCE,SDGE,2,0.0
26,SCE,SDGE,3,0.0
27,SCE,SDGE,4,0.0
28,SCE,SDGE,5,0.0
29,SCE,SDGE,6,0.0
30,SCE,SDGE,7,0.0
31,SCE,SDGE,8,0.0
32,SCE,SDGE,9,0.0
33,SCE,SDGE,10,131.3369087868346
34,SCE,SDGE,11,104.0524983148446
35,SCE,SDGE,12,117.90985233089106
36,SCE,SDGE,13,93.61466226998257
37,SCE,SDGE,14,102.49702484117941
38,SCE,SDGE,15,44.1587569366834
39,SCE,SDGE,16,0.0
40,SCE,SDGE,17,0.0
41,SCE,SDGE,18,0.0
42,SCE,SDGE,19,173.64941713937688
43,SCE,SDGE,20,321.31671914657176
44,SCE,SDGE,21,310.74926188968624
45,SCE,SDGE,22,248.59042451193488
46,SCE,SDGE,23,85.29604843878636
47,SCE,SDGE,24,0.0
48,SCE,PGE_bay,1,0.0
49,SCE,PGE_bay,2,0.0
50,SCE,PGE_bay,3,0.0
51,SCE,PGE_bay,4,0.0
52,SCE,PGE_bay,5,0.0
53,SCE,PGE_bay,6,0.0
54,SCE,PGE_bay,7,0.0
55,SCE,PGE_bay,8,0.0
56,SCE,PGE_bay,9,0.0
57,SCE,PGE_bay,10,0.0
58,SCE,PGE_bay,11,0.0
59,SCE,PGE_bay,12,0.0
60,SCE,PGE_bay,13,0.0
61,SCE,PGE_bay,14,0.0
62,SCE,PGE_bay,15,0.0
63,SCE,PGE_bay,16,0.0
64,SCE,PGE_bay,17,0.0
65,SCE,PGE_bay,18,0.0
66,SCE,PGE_bay,19,0.0
67,SCE,PGE_bay,20,0.0
68,SCE,PGE_bay,21,0.0
69,SCE,PGE_bay,22,0.0
70,SCE,PGE_bay,23,0.0
71,SCE,PGE_bay,24,0.0
72,SCE,PGE_valley,1,0.0
73,SCE,PGE_valley,2,0.0
74,SCE,PGE_valley,3,0.0
75,SCE,PGE_valley,4,0.0
76,SCE,PGE_valley,5,0.0
77,SCE,PGE_valley,6,0.0
78,SCE,PGE_valley,7,0.0
79,SCE,PGE_valley,8,0.0
80,SCE,PGE_valley,9,0.0
81,SCE,PGE_valley,10,0.0
82,SCE,PGE_valley,11,0.0
83,SCE,PGE_valley,12,0.0
84,SCE,PGE_valley,13,0.0
85,SCE,PGE_valley,14,0.0
86,SCE,PGE_valley,15,0.0
87,SCE,PGE_valley,16,0.0
88,SCE,PGE_valley,17,0.0
89,SCE,PGE_valley,18,0.0
90,SCE,PGE_valley,19,0.0
91,SCE,PGE_valley,20,0.0
92,SCE,PGE_valley,21,0.0
93,SCE,PGE_valley,22,0.0
94,SCE,PGE_valley,23,0.0
95,SCE,PGE_valley,24,0.0
96,SCE,PNW,1,0.0
97,SCE,PNW,2,0.0
98,SCE,PNW,3,0.0
99,SCE,PNW,4,0.0
100,SCE,PNW,5,0.0
101,SCE,PNW,6,0.0
102,SCE,PNW,7,0.0
103,SCE,PNW,8,0.0
104,SCE,PNW,9,0.0
105,SCE,PNW,10,0.0
106,SCE,PNW,11,0.0
107,SCE,PNW,12,0.0
108,SCE,PNW,13,0.0
109,SCE,PNW,14,0.0
110,SCE,PNW,15,0.0
111,SCE,PNW,16,0.0
112,SCE,PNW,17,0.0
113,SCE,PNW,18,0.0
114,SCE,PNW,19,0.0
115,SCE,PNW,20,0.0
116,SCE,PNW,21,0.0
117,SCE,PNW,22,0.0
118,SCE,PNW,23,0.0
119,SCE,PNW,24,0.0
120,SDGE,SCE,1,0.0
121,SDGE,SCE,2,0.0
122,SDGE,SCE,3,0.0
123,SDGE,SCE,4,0.0
124,SDGE,SCE,5,0.0
125,SDGE,SCE,6,0.0
126,SDGE,SCE,7,0.0
127,SDGE,SCE,8,0.0
128,SDGE,SCE,9,0.0
129,SDGE,SCE,10,0.0
130,SDGE,SCE,11,0.0
131,SDGE,SCE,12,0.0
132,SDGE,SCE,13,0.0
133,SDGE,SCE,14,0.0
134,SDGE,SCE,15,0.0
135,SDGE,SCE,16,0.0
136,SDGE,SCE,17,0.0
137,SDGE,SCE,18,0.0
138,SDGE,SCE,19,0.0
139,SDGE,SCE,20,0.0
140,SDGE,SCE,21,0.0
141,SDGE,SCE,22,0.0
142,SDGE,SCE,23,0.0
143,SDGE,SCE,24,0.0
144,SDGE,SDGE,1,0.0
145,SDGE,SDGE,2,0.0
146,SDGE,SDGE,3,0.0
147,SDGE,SDGE,4,0.0
148,SDGE,SDGE,5,0.0
149,SDGE,SDGE,6,0.0
150,SDGE,SDGE,7,0.0
151,SDGE,SDGE,8,0.0
152,SDGE,SDGE,9,0.0
153,SDGE,SDGE,10,0.0
154,SDGE,SDGE,11,0.0
155,SDGE,SDGE,12,0.0
156,SDGE,SDGE,13,0.0
157,SDGE,SDGE,14,0.0
158,SDGE,SDGE,15,0.0
159,SDGE,SDGE,16,0.0
160,SDGE,SDGE,17,0.0
161,SDGE,SDGE,18,0.0
162,SDGE,SDGE,19,0.0
163,SDGE,SDGE,20,0.0
164,SDGE,SDGE,21,0.0
165,SDGE,SDGE,22,0.0
166,SDGE,SDGE,23,0.0
167,SDGE,SDGE,24,0.0
168,SDGE,PGE_bay,1,0.0
169,SDGE,PGE_bay,2,0.0
170,SDGE,PGE_bay,3,0.0
171,SDGE,PGE_bay,4,0.0
172,SDGE,PGE_bay,5,0.0
173,SDGE,PGE_bay,6,0.0
174,SDGE,PGE_bay,7,0.0
175,SDGE,PGE_bay,8,0.0
176,SDGE,PGE_bay,9,0.0
177,SDGE,PGE_bay,10,0.0
178,SDGE,PGE_bay,11,0.0
179,SDGE,PGE_bay,12,0.0
180,SDGE,PGE_bay,13,0.0
181,SDGE,PGE_bay,14,0.0
182,SDGE,PGE_bay,15,0.0
183,SDGE,PGE_bay,16,0.0
184,SDGE,PGE_bay,17,0.0
185,SDGE,PGE_bay,18,0.0
186,SDGE,PGE_bay,19,0.0
187,SDGE,PGE_bay,20,0.0
188,SDGE,PGE_bay,21,0.0
189,SDGE,PGE_bay,22,0.0
190,SDGE,PGE_bay,23,0.0
191,SDGE,PGE_bay,24,0.0
192,SDGE,PGE_valley,1,0.0
193,SDGE,PGE_valley,2,0.0
194,SDGE,PGE_valley,3,0.0
195,SDGE,PGE_valley,4,0.0
196,SDGE,PGE_valley,5,0.0
197,SDGE,PGE_valley,6,0.0
198,SDGE,PGE_valley,7,0.0
199,SDGE,PGE_valley,8,0.0
200,SDGE,PGE_valley,9,0.0
201,SDGE,PGE_valley,10,0.0
202,SDGE,PGE_valley,11,0.0
203,SDGE,PGE_valley,12,0.0
204,SDGE,PGE_valley,13,0.0
205,SDGE,PGE_valley,14,0.0
206,SDGE,PGE_valley,15,0.0
207,SDGE,PGE_valley,16,0.0
208,SDGE,PGE_valley,17,0.0
209,SDGE,PGE_valley,18,0.0
210,SDGE,PGE_valley,19,0.0
211,SDGE,PGE_valley,20,0.0
212,SDGE,PGE_valley,21,0.0
213,SDGE,PGE_valley,22,0.0
214,SDGE,PGE_valley,23,0.0
215,SDGE,PGE_valley,24,0.0
216,SDGE,PNW,1,0.0
217,SDGE,PNW,2,0.0
218,SDGE,PNW,3,0.0
219,SDGE,PNW,4,0.0
220,SDGE,PNW,5,0.0
221,SDGE,PNW,6,0.0
222,SDGE,PNW,7,0.0
223,SDGE,PNW,8,0.0
224,SDGE,PNW,9,0.0
225,SDGE,PNW,10,0.0
226,SDGE,PNW,11,0.0
227,SDGE,PNW,12,0.0
228,SDGE,PNW,13,0.0
229,SDGE,PNW,14,0.0
230,SDGE,PNW,15,0.0
231,SDGE,PNW,16,0.0
232,SDGE,PNW,17,0.0
233,SDGE,PNW,18,0.0
234,SDGE,PNW,19,0.0
235,SDGE,PNW,20,0.0
236,SDGE,PNW,21,0.0
237,SDGE,PNW,22,0.0
238,SDGE,PNW,23,0.0
239,SDGE,PNW,24,0.0
240,PGE_bay,SCE,1,0.0
241,PGE_bay,SCE,2,0.0
242,PGE_bay,SCE,3,0.0
243,PGE_bay,SCE,4,0.0
244,PGE_bay,SCE,5,0.0
245,PGE_bay,SCE,6,0.0
246,PGE_bay,SCE,7,0.0
247,PGE_bay,SCE,8,0.0
248,PGE_bay,SCE,9,0.0
249,PGE_bay,SCE,10,0.0
250,PGE_bay,SCE,11,0.0
251,PGE_bay,SCE,12,0.0
252,PGE_bay,SCE,13,0.0
253,PGE_bay,SCE,14,0.0
254,PGE_bay,SCE,15,0.0
255,PGE_bay,SCE,16,0.0
256,PGE_bay,SCE,17,0.0
257,PGE_bay,SCE,18,0.0
258,PGE_bay,SCE,19,0.0
259,PGE_bay,SCE,20,0.0
260,PGE_bay,SCE,21,0.0
261,PGE_bay,SCE,22,0.0
262,PGE_bay,SCE,23,0.0
263,PGE_bay,SCE,24,0.0
264,PGE_bay,SDGE,1,0.0
265,PGE_bay,SDGE,2,0.0
266,PGE_bay,SDGE,3,0.0
267,PGE_bay,SDGE,4,0.0
268,PGE_bay,SDGE,5,0.0
269,PGE_bay,SDGE,6,0.0
270,PGE_bay,SDGE,7,0.0
271,PGE_bay,SDGE,8,0.0
272,PGE_bay,SDGE,9,0.0
273,PGE_bay,SDGE,10,0.0
274,PGE_bay,SDGE,11,0.0
275,PGE_bay,SDGE,12,0.0
276,PGE_bay,SDGE,13,0.0
277,PGE_bay,SDGE,14,0.0
278,PGE_bay,SDGE,15,0.0
279,PGE_bay,SDGE,16,0.0
280,PGE_bay,SDGE,17,0.0
281,PGE_bay,SDGE,18,0.0
282,PGE_bay,SDGE,19,0.0
283,PGE_bay,SDGE,20,0.0
284,PGE_bay,SDGE,21,0.0
285,PGE_bay,SDGE,22,0.0
286,PGE_bay,SDGE,23,0.0
287,PGE_bay,SDGE,24,0.0
288,PGE_bay,PGE_bay,1,0.0
289,PGE_bay,PGE_bay,2,0.0
290,PGE_bay,PGE_bay,3,0.0
291,PGE_bay,PGE_bay,4,0.0
292,PGE_bay,PGE_bay,5,0.0
293,PGE_bay,PGE_bay,6,0.0
294,PGE_bay,PGE_bay,7,0.0
295,PGE_bay,PGE_bay,8,0.0
296,PGE_bay,PGE_bay,9,0.0
297,PGE_bay,PGE_bay,10,0.0
298,PGE_bay,PGE_bay,11,0.0
299,PGE_bay,PGE_bay,12,0.0
300,PGE_bay,PGE_bay,13,0.0
301,PGE_bay,PGE_bay,14,0.0
302,PGE_bay,PGE_bay,15,0.0
303,PGE_bay,PGE_bay,16,0.0
304,PGE_bay,PGE_bay,17,0.0
305,PGE_bay,PGE_bay,18,0.0
306,PGE_bay,PGE_bay,19,0.0
307,PGE_bay,PGE_bay,20,0.0
308,PGE_bay,PGE_bay,21,0.0
309,PGE_bay,PGE_bay,22,0.0
310,PGE_bay,PGE_bay,23,0.0
311,PGE_bay,PGE_bay,24,0.0
312,PGE_bay,PGE_valley,1,0.0
313,PGE_bay,PGE_valley,2,0.0
314,PGE_bay,PGE_valley,3,0.0
315,PGE_bay,PGE_valley,4,0.0
316,PGE_bay,PGE_valley,5,0.0
317,PGE_bay,PGE_valley,6,0.0
318,PGE_bay,PGE_valley,7,0.0
319,PGE_bay,PGE_valley,8,0.0
320,PGE_bay,PGE_valley,9,0.0
321,PGE_bay,PGE_valley,10,0.0
322,PGE_bay,PGE_valley,11,0.0
323,PGE_bay,PGE_valley,12,0.0
324,PGE_bay,PGE_valley,13,0.0
325,PGE_bay,PGE_valley,14,0.0
326,PGE_bay,PGE_valley,15,0.0
327,PGE_bay,PGE_valley,16,0.0
328,PGE_bay,PGE_valley,17,0.0
329,PGE_bay,PGE_valley,18,0.0
330,PGE_bay,PGE_valley,19,0.0
331,PGE_bay,PGE_valley,20,0.0
332,PGE_bay,PGE_valley,21,0.0
333,PGE_bay,PGE_valley,22,0.0
334,PGE_bay,PGE_valley,23,0.0
335,PGE_bay,PGE_valley,24,0.0
336,PGE_bay,PNW,1,0.0
337,PGE_bay,PNW,2,0.0
338,PGE_bay,PNW,3,0.0
339,PGE_bay,PNW,4,0.0
340,PGE_bay,PNW,5,0.0
341,PGE_bay,PNW,6,0.0
342,PGE_bay,PNW,7,0.0
343,PGE_bay,PNW,8,0.0
344,PGE_bay,PNW,9,0.0
345,PGE_bay,PNW,10,0.0
346,PGE_bay,PNW,11,0.0
347,PGE_bay,PNW,12,0.0
348,PGE_bay,PNW,13,0.0
349,PGE_bay,PNW,14,0.0
350,PGE_bay,PNW,15,0.0
351,PGE_bay,PNW,16,0.0
352,PGE_bay,PNW,17,0.0
353,PGE_bay,PNW,18,0.0
354,PGE_bay,PNW,19,0.0
355,PGE_bay,PNW,20,0.0
356,PGE_bay,PNW,21,0.0
357,PGE_bay,PNW,22,0.0
358,PGE_bay,PNW,23,0.0
359,PGE_bay,PNW,24,0.0
360,PGE_valley,SCE,1,1639.084651348088
361,PGE_valley,SCE,2,954.0678053877915
362,PGE_valley,SCE,3,645.4721363277114
363,PGE_valley,SCE,4,173.9055014328072
364,PGE_valley,SCE,5,222.38422405778655
365,PGE_valley,SCE,6,92.33257140077316
366,PGE_valley,SCE,7,291.35197718080457
367,PGE_valley,SCE,8,0.0
368,PGE_valley,SCE,9,0.0
369,PGE_valley,SCE,10,0.0
370,PGE_valley,SCE,11,0.0
371,PGE_valley,SCE,12,0.0
372,PGE_valley,SCE,13,0.0
373,PGE_valley,SCE,14,0.0
374,PGE_valley,SCE,15,0.0
375,PGE_valley,SCE,16,0.0
376,PGE_valley,SCE,17,109.59452302383625
377,PGE_valley,SCE,18,697.5765810041863
378,PGE_valley,SCE,19,1510.3348798784227
379,PGE_valley,SCE,20,1654.5571579078942
380,PGE_valley,SCE,21,1704.5412959830537
381,PGE_valley,SCE,22,2120.930765198873
382,PGE_valley,SCE,23,2193.127357515009
383,PGE_valley,SCE,24,1708.2639388107614
384,PGE_valley,SDGE,1,0.0
385,PGE_valley,SDGE,2,0.0
386,PGE_valley,SDGE,3,0.0
387,PGE_valley,SDGE,4,0.0
388,PGE_valley,SDGE,5,0.0
389,PGE_valley,SDGE,6,0.0
390,PGE_valley,SDGE,7,0.0
391,PGE_valley,SDGE,8,0.0
392,PGE_valley,SDGE,9,0.0
393,PGE_valley,SDGE,10,0.0
394,PGE_valley,SDGE,11,0.0
395,PGE_valley,SDGE,12,0.0
396,PGE_valley,SDGE,13,0.0
397,PGE_valley,SDGE,14,0.0
398,PGE_valley,SDGE,15,0.0
399,PGE_valley,SDGE,16,0.0
400,PGE_valley,SDGE,17,0.0
401,PGE_valley,SDGE,18,0.0
402,PGE_valley,SDGE,19,0.0
403,PGE_valley,SDGE,20,0.0
404,PGE_valley,SDGE,21,0.0
405,PGE_valley,SDGE,22,0.0
406,PGE_valley,SDGE,23,0.0
407,PGE_valley,SDGE,24,0.0
408,PGE_valley,PGE_bay,1,3812.6001545713552
409,PGE_valley,PGE_bay,2,3724.0702452335054
410,PGE_valley,PGE_bay,3,3567.92050427735
411,PGE_valley,PGE_bay,4,3490.640873805608
412,PGE_valley,PGE_bay,5,3500.508978399488
413,PGE_valley,PGE_bay,6,3505.335915046883
414,PGE_valley,PGE_bay,7,3558.599428199459
415,PGE_valley,PGE_bay,8,3865.25020641594
416,PGE_valley,PGE_bay,9,4024.245439652107
417,PGE_valley,PGE_bay,10,4131.029312323981
418,PGE_valley,PGE_bay,11,4152.905795914647
419,PGE_valley,PGE_bay,12,4073.2637993419185
420,PGE_valley,PGE_bay,13,4025.898625603142
421,PGE_valley,PGE_bay,14,3908.8407284427803
422,PGE_valley,PGE_bay,15,3971.1172450983186
423,PGE_valley,PGE_bay,16,3968.843011893254
424,PGE_valley,PGE_bay,17,3981.976214795747
425,PGE_valley,PGE_bay,18,4157.163599695158
426,PGE_valley,PGE_bay,19,4352.5340331752905
427,PGE_valley,PGE_bay,20,4338.934018949428
428,PGE_valley,PGE_bay,21,4309.424660094433
429,PGE_valley,PGE_bay,22,4105.581100820979
430,PGE_valley,PGE_bay,23,4154.380896812568
431,PGE_valley,PGE_bay,24,3908.889530911271
432,PGE_valley,PGE_valley,1,0.0
433,PGE_valley,PGE_valley,2,0.0
434,PGE_valley,PGE_valley,3,0.0
435,PGE_valley,PGE_valley,4,0.0
436,PGE_valley,PGE_valley,5,0.0
437,PGE_valley,PGE_valley,6,0.0
438,PGE_valley,PGE_valley,7,0.0
439,PGE_valley,PGE_valley,8,0.0
440,PGE_valley,PGE_valley,9,0.0
441,PGE_valley,PGE_valley,10,0.0
442,PGE_valley,PGE_valley,11,0.0
443,PGE_valley,PGE_valley,12,0.0
444,PGE_valley,PGE_valley,13,0.0
445,PGE_valley,PGE_valley,14,0.0
446,PGE_valley,PGE_valley,15,0.0
447,PGE_valley,PGE_valley,16,0.0
448,PGE_valley,PGE_valley,17,0.0
449,PGE_valley,PGE_valley,18,0.0
450,PGE_valley,PGE_valley,19,0.0
451,PGE_valley,PGE_valley,20,0.0
452,PGE_valley,PGE_valley,21,0.0
453,PGE_valley,PGE_valley,22,0.0
454,PGE_valley,PGE_valley,23,0.0
455,PGE_valley,PGE_valley,24,0.0
456,PGE_valley,PNW,1,0.0
457,PGE_valley,PNW,2,0.0
458,PGE_valley,PNW,3,0.0
459,PGE_valley,PNW,4,0.0
460,PGE_valley,PNW,5,0.0
461,PGE_valley,PNW,6,0.0
462,PGE_valley,PNW,7,0.0
463,PGE_valley,PNW,8,0.0
464,PGE_valley,PNW,9,0.0
465,PGE_valley,PNW,10,0.0
466,PGE_valley,PNW,11,0.0
467,PGE_valley,PNW,12,0.0
468,PGE_valley,PNW,13,0.0
469,PGE_valley,PNW,14,0.0
470,PGE_valley,PNW,15,0.0
471,PGE_valley,PNW,16,0.0
472,PGE_valley,PNW,17,0.0
473,PGE_valley,PNW,18,0.0
474,PGE_valley,PNW,19,0.0
475,PGE_valley,PNW,20,0.0
476,PGE_valley,PNW,21,0.0
477,PGE_valley,PNW,22,0.0
478,PGE_valley,PNW,23,0.0
479,PGE_valley,PNW,24,0.0
480,PNW,SCE,1,0.0
481,PNW,SCE,2,0.0
482,PNW,SCE,3,0.0
483,PNW,SCE,4,0.0
484,PNW,SCE,5,0.0
485,PNW,SCE,6,0.0
486,PNW,SCE,7,0.0
487,PNW,SCE,8,0.0
488,PNW,SCE,9,0.0
489,PNW,SCE,10,0.0
490,PNW,SCE,11,0.0
491,PNW,SCE,12,0.0
492,PNW,SCE,13,0.0
493,PNW,SCE,14,0.0
494,PNW,SCE,15,0.0
495,PNW,SCE,16,0.0
496,PNW,SCE,17,0.0
497,PNW,SCE,18,0.0
498,PNW,SCE,19,0.0
499,PNW,SCE,20,0.0
500,PNW,SCE,21,0.0
501,PNW,SCE,22,0.0
502,PNW,SCE,23,0.0
503,PNW,SCE,24,0.0
504,PNW,SDGE,1,0.0
505,PNW,SDGE,2,0.0
506,PNW,SDGE,3,0.0
507,PNW,SDGE,4,0.0
508,PNW,SDGE,5,0.0
509,PNW,SDGE,6,0.0
510,PNW,SDGE,7,0.0
511,PNW,SDGE,8,0.0
512,PNW,SDGE,9,0.0
513,PNW,SDGE,10,0.0
514,PNW,SDGE,11,0.0
515,PNW,SDGE,12,0.0
516,PNW,SDGE,13,0.0
517,PNW,SDGE,14,0.0
518,PNW,SDGE,15,0.0
519,PNW,SDGE,16,0.0
520,PNW,SDGE,17,0.0
521,PNW,SDGE,18,0.0
522,PNW,SDGE,19,0.0
523,PNW,SDGE,20,0.0
524,PNW,SDGE,21,0.0
525,PNW,SDGE,22,0.0
526,PNW,SDGE,23,0.0
527,PNW,SDGE,24,0.0
528,PNW,PGE_bay,1,0.0
529,PNW,PGE_bay,2,0.0
530,PNW,PGE_bay,3,0.0
531,PNW,PGE_bay,4,0.0
532,PNW,PGE_bay,5,0.0
533,PNW,PGE_bay,6,0.0
534,PNW,PGE_bay,7,0.0
535,PNW,PGE_bay,8,0.0
536,PNW,PGE_bay,9,0.0
537,PNW,PGE_bay,10,0.0
538,PNW,PGE_bay,11,0.0
539,PNW,PGE_bay,12,0.0
540,PNW,PGE_bay,13,0.0
541,PNW,PGE_bay,14,0.0
542,PNW,PGE_bay,15,0.0
543,PNW,PGE_bay,16,0.0
544,PNW,PGE_bay,17,0.0
545,PNW,PGE_bay,18,0.0
546,PNW,PGE_bay,19,0.0
547,PNW,PGE_bay,20,0.0
548,PNW,PGE_bay,21,0.0
549,PNW,PGE_bay,22,0.0
550,PNW,PGE_bay,23,0.0
551,PNW,PGE_bay,24,0.0
552,PNW,PGE_valley,1,4200.0
553,PNW,PGE_valley,2,4200.0
554,PNW,PGE_valley,3,4200.0
555,PNW,PGE_valley,4,4200.0
556,PNW,PGE_valley,5,4200.0
557,PNW,PGE_valley,6,4200.0
558,PNW,PGE_valley,7,4200.0
559,PNW,PGE_valley,8,4200.0
560,PNW,PGE_valley,9,4200.0
561,PNW,PGE_valley,10,4200.0
562,PNW,PGE_valley,11,4200.0
563,PNW,PGE_valley,12,4200.0
564,PNW,PGE_valley,13,4200.0
565,PNW,PGE_valley,14,4200.0
566,PNW,PGE_valley,15,4200.0
567,PNW,PGE_valley,16,4200.0
568,PNW,PGE_valley,17,4200.0
569,PNW,PGE_valley,18,4200.0
570,PNW,PGE_valley,19,4200.0
571,PNW,PGE_valley,20,4200.0
572,PNW,PGE_valley,21,4200.0
573,PNW,PGE_valley,22,4200.0
574,PNW,PGE_valley,23,4200.0
575,PNW,PGE_valley,24,4200.0
576,PNW,PNW,1,0.0
577,PNW,PNW,2,0.0
578,PNW,PNW,3,0.0
579,PNW,PNW,4,0.0
580,PNW,PNW,5,0.0
581,PNW,PNW,6,0.0
582,PNW,PNW,7,0.0
583,PNW,PNW,8,0.0
584,PNW,PNW,9,0.0
585,PNW,PNW,10,0.0
586,PNW,PNW,11,0.0
587,PNW,PNW,12,0.0
588,PNW,PNW,13,0.0
589,PNW,PNW,14,0.0
590,PNW,PNW,15,0.0
591,PNW,PNW,16,0.0
592,PNW,PNW,17,0.0
593,PNW,PNW,18,0.0
594,PNW,PNW,19,0.0
595,PNW,PNW,20,0.0
596,PNW,PNW,21,0.0
597,PNW,PNW,22,0.0
598,PNW,PNW,23,0.0
599,PNW,PNW,24,0.0
600,SCE,SCE,25,0.0
601,SCE,SCE,26,0.0
602,SCE,SCE,27,0.0
603,SCE,SCE,28,0.0
604,SCE,SCE,29,0.0
605,SCE,SCE,30,0.0
606,SCE,SCE,31,0.0
607,SCE,SCE,32,0.0
608,SCE,SCE,33,0.0
609,SCE,SCE,34,0.0
610,SCE,SCE,35,0.0
611,SCE,SCE,36,0.0
612,SCE,SCE,37,0.0
613,SCE,SCE,38,0.0
614,SCE,SCE,39,0.0
615,SCE,SCE,40,0.0
616,SCE,SCE,41,0.0
617,SCE,SCE,42,0.0
618,SCE,SCE,43,0.0
619,SCE,SCE,44,0.0
620,SCE,SCE,45,0.0
621,SCE,SCE,46,0.0
622,SCE,SCE,47,0.0
623,SCE,SCE,48,0.0
624,SCE,SDGE,25,182.05688341117593
625,SCE,SDGE,26,59.286557479267515
626,SCE,SDGE,27,0.0
627,SCE,SDGE,28,0.0
628,SCE,SDGE,29,0.0
629,SCE,SDGE,30,0.0
630,SCE,SDGE,31,52.068333708541275
631,SCE,SDGE,32,0.0
632,SCE,SDGE,33,0.0
633,SCE,SDGE,34,0.0
634,SCE,SDGE,35,0.0
635,SCE,SDGE,36,0.0
636,SCE,SDGE,37,0.0
637,SCE,SDGE,38,0.0
638,SCE,SDGE,39,0.0
639,SCE,SDGE,40,0.0
640,SCE,SDGE,41,260.7066267047341
641,SCE,SDGE,42,357.12235644064174
642,SCE,SDGE,43,584.6569025271499
643,SCE,SDGE,44,600.0000000050009
644,SCE,SDGE,45,508.51272778131926
645,SCE,SDGE,46,420.89822237228003
646,SCE,SDGE,47,289.8745277972644
647,SCE,SDGE,48,349.09142208577526
648,SCE,PGE_bay,25,0.0
649,SCE,PGE_bay,26,0.0
650,SCE,PGE_bay,27,0.0
651,SCE,PGE_bay,28,0.0
652,SCE,PGE_bay,29,0.0
653,SCE,PGE_bay,30,0.0
654,SCE,PGE_bay,31,0.0
655,SCE,PGE_bay,32,0.0
656,SCE,PGE_bay,33,0.0
657,SCE,PGE_bay,34,0.0
658,SCE,PGE_bay,35,0.0
659,SCE,PGE_bay,36,0.0
660,SCE,PGE_bay,37,0.0
661,SCE,PGE_bay,38,0.0
662,SCE,PGE_bay,39,0.0
663,SCE,PGE_bay,40,0.0
664,SCE,PGE_bay,41,0.0
665,SCE,PGE_bay,42,0.0
666,SCE,PGE_bay,43,0.0
667,SCE,PGE_bay,44,0.0
668,SCE,PGE_bay,45,0.0
669,SCE,PGE_bay,46,0.0
670,SCE,PGE_bay,47,0.0
671,SCE,PGE_bay,48,0.0
672,SCE,PGE_valley,25,0.0
673,SCE,PGE_valley,26,0.0
674,SCE,PGE_valley,27,0.0
675,SCE,PGE_valley,28,0.0
676,SCE,PGE_valley,29,0.0
677,SCE,PGE_valley,30,0.0
678,SCE,PGE_valley,31,0.0
679,SCE,PGE_valley,32,0.0
680,SCE,PGE_valley,33,0.0
681,SCE,PGE_valley,34,0.0
682,SCE,PGE_valley,35,0.0
683,SCE,PGE_valley,36,0.0
684,SCE,PGE_valley,37,0.0
685,SCE,PGE_valley,38,0.0
686,SCE,PGE_valley,39,0.0
687,SCE,PGE_valley,40,0.0
688,SCE,PGE_valley,41,0.0
689,SCE,PGE_valley,42,0.0
690,SCE,PGE_valley,43,0.0
691,SCE,PGE_valley,44,0.0
692,SCE,PGE_valley,45,0.0
693,SCE,PGE_valley,46,0.0
694,SCE,PGE_valley,47,0.0
695,SCE,PGE_valley,48,0.0
696,SCE,PNW,25,0.0
697,SCE,PNW,26,0.0
698,SCE,PNW,27,0.0
699,SCE,PNW,28,0.0
700,SCE,PNW,29,0.0
701,SCE,PNW,30,0.0
702,SCE,PNW,31,0.0
703,SCE,PNW,32,0.0
704,SCE,PNW,33,0.0
705,SCE,PNW,34,0.0
706,SCE,PNW,35,0.0
707,SCE,PNW,36,0.0
708,SCE,PNW,37,0.0
709,SCE,PNW,38,0.0
710,SCE,PNW,39,0.0
711,SCE,PNW,40,0.0
712,SCE,PNW,41,0.0
713,SCE,PNW,42,0.0
714,SCE,PNW,43,0.0
715,SCE,PNW,44,0.0
716,SCE,PNW,45,0.0
717,SCE,PNW,46,0.0
718,SCE,PNW,47,0.0
719,SCE,PNW,48,0.0
720,SDGE,SCE,25,0.0
721,SDGE,SCE,26,0.0
722,SDGE,SCE,27,0.0
723,SDGE,SCE,28,0.0
724,SDGE,SCE,29,0.0
725,SDGE,SCE,30,0.0
726,SDGE,SCE,31,0.0
727,SDGE,SCE,32,0.0
728,SDGE,SCE,33,0.0
729,SDGE,SCE,34,0.0
730,SDGE,SCE,35,0.0
731,SDGE,SCE,36,0.0
732,SDGE,SCE,37,0.0
733,SDGE,SCE,38,0.0
734,SDGE,SCE,39,0.0
735,SDGE,SCE,40,0.0
736,SDGE,SCE,41,0.0
737,SDGE,SCE,42,0.0
738,SDGE,SCE,43,0.0
739,SDGE,SCE,44,0.0
740,SDGE,SCE,45,0.0
741,SDGE,SCE,46,0.0
742,SDGE,SCE,47,0.0
743,SDGE,SCE,48,0.0
744,SDGE,SDGE,25,0.0
745,SDGE,SDGE,26,0.0
746,SDGE,SDGE,27,0.0
747,SDGE,SDGE,28,0.0
748,SDGE,SDGE,29,0.0
749,SDGE,SDGE,30,0.0
750,SDGE,SDGE,31,0.0
751,SDGE,SDGE,32,0.0
752,SDGE,SDGE,33,0.0
753,SDGE,SDGE,34,0.0
754,SDGE,SDGE,35,0.0
755,SDGE,SDGE,36,0.0
756,SDGE,SDGE,37,0.0
757,SDGE,SDGE,38,0.0
758,SDGE,SDGE,39,0.0
759,SDGE,SDGE,40,0.0
760,SDGE,SDGE,41,0.0
761,SDGE,SDGE,42,0.0
762,SDGE,SDGE,43,0.0
763,SDGE,SDGE,44,0.0
764,SDGE,SDGE,45,0.0
765,SDGE,SDGE,46,0.0
766,SDGE,SDGE,47,0.0
767,SDGE,SDGE,48,0.0
768,SDGE,PGE_bay,25,0.0
769,SDGE,PGE_bay,26,0.0
770,SDGE,PGE_bay,27,0.0
771,SDGE,PGE_bay,28,0.0
772,SDGE,PGE_bay,29,0.0
773,SDGE,PGE_bay,30,0.0
774,SDGE,PGE_bay,31,0.0
775,SDGE,PGE_bay,32,0.0
776,SDGE,PGE_bay,33,0.0
777,SDGE,PGE_bay,34,0.0
778,SDGE,PGE_bay,35,0.0
779,SDGE,PGE_bay,36,0.0
780,SDGE,PGE_bay,37,0.0
781,SDGE,PGE_bay,38,0.0
782,SDGE,PGE_bay,39,0.0
783,SDGE,PGE_bay,40,0.0
784,SDGE,PGE_bay,41,0.0
785,SDGE,PGE_bay,42,0.0
786,SDGE,PGE_bay,43,0.0
787,SDGE,PGE_bay,44,0.0
788,SDGE,PGE_bay,45,0.0
789,SDGE,PGE_bay,46,0.0
790,SDGE,PGE_bay,47,0.0
791,SDGE,PGE_bay,48,0.0
792,SDGE,PGE_valley,25,0.0
793,SDGE,PGE_valley,26,0.0
794,SDGE,PGE_valley,27,0.0
795,SDGE,PGE_valley,28,0.0
796,SDGE,PGE_valley,29,0.0
797,SDGE,PGE_valley,30,0.0
798,SDGE,PGE_valley,31,0.0
799,SDGE,PGE_valley,32,0.0
800,SDGE,PGE_valley,33,0.0
801,SDGE,PGE_valley,34,0.0
802,SDGE,PGE_valley,35,0.0
803,SDGE,PGE_valley,36,0.0
804,SDGE,PGE_valley,37,0.0
805,SDGE,PGE_valley,38,0.0
806,SDGE,PGE_valley,39,0.0
807,SDGE,PGE_valley,40,0.0
808,SDGE,PGE_valley,41,0.0
809,SDGE,PGE_valley,42,0.0
810,SDGE,PGE_valley,43,0.0
811,SDGE,PGE_valley,44,0.0
812,SDGE,PGE_valley,45,0.0
813,SDGE,PGE_valley,46,0.0
814,SDGE,PGE_valley,47,0.0
815,SDGE,PGE_valley,48,0.0
816,SDGE,PNW,25,0.0
817,SDGE,PNW,26,0.0
818,SDGE,PNW,27,0.0
819,SDGE,PNW,28,0.0
820,SDGE,PNW,29,0.0
821,SDGE,PNW,30,0.0
822,SDGE,PNW,31,0.0
823,SDGE,PNW,32,0.0
824,SDGE,PNW,33,0.0
825,SDGE,PNW,34,0.0
826,SDGE,PNW,35,0.0
827,SDGE,PNW,36,0.0
828,SDGE,PNW,37,0.0
829,SDGE,PNW,38,0.0
830,SDGE,PNW,39,0.0
831,SDGE,PNW,40,0.0
832,SDGE,PNW,41,0.0
833,SDGE,PNW,42,0.0
834,SDGE,PNW,43,0.0
835,SDGE,PNW,44,0.0
836,SDGE,PNW,45,0.0
837,SDGE,PNW,46,0.0
838,SDGE,PNW,47,0.0
839,SDGE,PNW,48,0.0
840,PGE_bay,SCE,25,0.0
841,PGE_bay,SCE,26,0.0
842,PGE_bay,SCE,27,0.0
843,PGE_bay,SCE,28,0.0
844,PGE_bay,SCE,29,0.0
845,PGE_bay,SCE,30,0.0
846,PGE_bay,SCE,31,0.0
847,PGE_bay,SCE,32,0.0
848,PGE_bay,SCE,33,0.0
849,PGE_bay,SCE,34,0.0
850,PGE_bay,SCE,35,0.0
851,PGE_bay,SCE,36,0.0
852,PGE_bay,SCE,37,0.0
853,PGE_bay,SCE,38,0.0
854,PGE_bay,SCE,39,0.0
855,PGE_bay,SCE,40,0.0
856,PGE_bay,SCE,41,0.0
857,PGE_bay,SCE,42,0.0
858,PGE_bay,SCE,43,0.0
859,PGE_bay,SCE,44,0.0
860,PGE_bay,SCE,45,0.0
861,PGE_bay,SCE,46,0.0
862,PGE_bay,SCE,47,0.0
863,PGE_bay,SCE,48,0.0
864,PGE_bay,SDGE,25,0.0
865,PGE_bay,SDGE,26,0.0
866,PGE_bay,SDGE,27,0.0
867,PGE_bay,SDGE,28,0.0
868,PGE_bay,SDGE,29,0.0
869,PGE_bay,SDGE,30,0.0
870,PGE_bay,SDGE,31,0.0
871,PGE_bay,SDGE,32,0.0
872,PGE_bay,SDGE,33,0.0
873,PGE_bay,SDGE,34,0.0
874,PGE_bay,SDGE,35,0.0
875,PGE_bay,SDGE,36,0.0
876,PGE_bay,SDGE,37,0.0
877,PGE_bay,SDGE,38,0.0
878,PGE_bay,SDGE,39,0.0
879,PGE_bay,SDGE,40,0.0
880,PGE_bay,SDGE,41,0.0
881,PGE_bay,SDGE,42,0.0
882,PGE_bay,SDGE,43,0.0
883,PGE_bay,SDGE,44,0.0
884,PGE_bay,SDGE,45,0.0
885,PGE_bay,SDGE,46,0.0
886,PGE_bay,SDGE,47,0.0
887,PGE_bay,SDGE,48,0.0
888,PGE_bay,PGE_bay,25,0.0
889,PGE_bay,PGE_bay,26,0.0
890,PGE_bay,PGE_bay,27,0.0
891,PGE_bay,PGE_bay,28,0.0
892,PGE_bay,PGE_bay,29,0.0
893,PGE_bay,PGE_bay,30,0.0
894,PGE_bay,PGE_bay,31,0.0
895,PGE_bay,PGE_bay,32,0.0
896,PGE_bay,PGE_bay,33,0.0
897,PGE_bay,PGE_bay,34,0.0
898,PGE_bay,PGE_bay,35,0.0
899,PGE_bay,PGE_bay,36,0.0
900,PGE_bay,PGE_bay,37,0.0
901,PGE_bay,PGE_bay,38,0.0
902,PGE_bay,PGE_bay,39,0.0
903,PGE_bay,PGE_bay,40,0.0
904,PGE_bay,PGE_bay,41,0.0
905,PGE_bay,PGE_bay,42,0.0
906,PGE_bay,PGE_bay,43,0.0
907,PGE_bay,PGE_bay,44,0.0
908,PGE_bay,PGE_bay,45,0.0
909,PGE_bay,PGE_bay,46,0.0
910,PGE_bay,PGE_bay,47,0.0
911,PGE_bay,PGE_bay,48,0.0
912,PGE_bay,PGE_valley,25,0.0
913,PGE_bay,PGE_valley,26,0.0
914,PGE_bay,PGE_valley,27,0.0
915,PGE_bay,PGE_valley,28,0.0
916,PGE_bay,PGE_valley,29,0.0
917,PGE_bay,PGE_valley,30,0.0
918,PGE_bay,PGE_valley,31,0.0
919,PGE_bay,PGE_valley,32,0.0
920,PGE_bay,PGE_valley,33,0.0
921,PGE_bay,PGE_valley,34,0.0
922,PGE_bay,PGE_valley,35,0.0
923,PGE_bay,PGE_valley,36,0.0
924,PGE_bay,PGE_valley,37,0.0
925,PGE_bay,PGE_valley,38,0.0
926,PGE_bay,PGE_valley,39,0.0
927,PGE_bay,PGE_valley,40,0.0
928,PGE_bay,PGE_valley,41,0.0
929,PGE_bay,PGE_valley,42,0.0
930,PGE_bay,PGE_valley,43,0.0
931,PGE_bay,PGE_valley,44,0.0
932,PGE_bay,PGE_valley,45,0.0
933,PGE_bay,PGE_valley,46,0.0
934,PGE_bay,PGE_valley,47,0.0
935,PGE_bay,PGE_valley,48,0.0
936,PGE_bay,PNW,25,0.0
937,PGE_bay,PNW,26,0.0
938,PGE_bay,PNW,27,0.0
939,PGE_bay,PNW,28,0.0
940,PGE_bay,PNW,29,0.0
941,PGE_bay,PNW,30,0.0
942,PGE_bay,PNW,31,0.0
943,PGE_bay,PNW,32,0.0
944,PGE_bay,PNW,33,0.0
945,PGE_bay,PNW,34,0.0
946,PGE_bay,PNW,35,0.0
947,PGE_bay,PNW,36,0.0
948,PGE_bay,PNW,37,0.0
949,PGE_bay,PNW,38,0.0
950,PGE_bay,PNW,39,0.0
951,PGE_bay,PNW,40,0.0
952,PGE_bay,PNW,41,0.0
953,PGE_bay,PNW,42,0.0
954,PGE_bay,PNW,43,0.0
955,PGE_bay,PNW,44,0.0
956,PGE_bay,PNW,45,0.0
957,PGE_bay,PNW,46,0.0
958,PGE_bay,PNW,47,0.0
959,PGE_bay,PNW,48,0.0
960,PGE_valley,SCE,25,0.0
961,PGE_valley,SCE,26,0.0
962,PGE_valley,SCE,27,0.0
963,PGE_valley,SCE,28,0.0
964,PGE_valley,SCE,29,0.0
965,PGE_valley,SCE,30,0.0
966,PGE_valley,SCE,31,0.0
967,PGE_valley,SCE,32,0.0
968,PGE_valley,SCE,33,0.0
969,PGE_valley,SCE,34,0.0
970,PGE_valley,SCE,35,0.0
971,PGE_valley,SCE,36,0.0
972,PGE_valley,SCE,37,0.0
973,PGE_valley,SCE,38,0.0
974,PGE_valley,SCE,39,0.0
975,PGE_valley,SCE,40,0.0
976,PGE_valley,SCE,41,44.47305875018674
977,PGE_valley,SCE,42,0.0
978,PGE_valley,SCE,43,628.0508799156651
979,PGE_valley,SCE,44,539.9153065794189
980,PGE_valley,SCE,45,682.0565455573333
981,PGE_valley,SCE,46,1271.5426161467512
982,PGE_valley,SCE,47,1261.9642340436253
983,PGE_valley,SCE,48,595.0981956450771
984,PGE_valley,SDGE,25,0.0
985,PGE_valley,SDGE,26,0.0
986,PGE_valley,SDGE,27,0.0
987,PGE_valley,SDGE,28,0.0
988,PGE_valley,SDGE,29,0.0
989,PGE_valley,SDGE,30,0.0
990,PGE_valley,SDGE,31,0.0
991,PGE_valley,SDGE,32,0.0
992,PGE_valley,SDGE,33,0.0
993,PGE_valley,SDGE,34,0.0
994,PGE_valley,SDGE,35,0.0
995,PGE_valley,SDGE,36,0.0
996,PGE_valley,SDGE,37,0.0
997,PGE_valley,SDGE,38,0.0
998,PGE_valley,SDGE,39,0.0
999,PGE_valley,SDGE,40,0.0
1000,PGE_valley,SDGE,41,0.0
1001,PGE_valley,SDGE,42,0.0
1002,PGE_valley,SDGE,43,0.0
1003,PGE_valley,SDGE,44,0.0
1004,PGE_valley,SDGE,45,0.0
1005,PGE_valley,SDGE,46,0.0
1006,PGE_valley,SDGE,47,0.0
1007,PGE_valley,SDGE,48,0.0
1008,PGE_valley,PGE_bay,25,3586.926300119889
1009,PGE_valley,PGE_bay,26,3387.7933051811156
1010,PGE_valley,PGE_bay,27,3218.9198440546274
1011,PGE_valley,PGE_bay,28,3204.6045767040864
1012,PGE_valley,PGE_bay,29,3119.897779952972
1013,PGE_valley,PGE_bay,30,3259.423444152002
1014,PGE_valley,PGE_bay,31,3519.6710032671704
1015,PGE_valley,PGE_bay,32,4011.8236107369266
1016,PGE_valley,PGE_bay,33,4213.30383052463
1017,PGE_valley,PGE_bay,34,4506.600482932087
1018,PGE_valley,PGE_bay,35,4444.518290213306
1019,PGE_valley,PGE_bay,36,4327.089895184707
1020,PGE_valley,PGE_bay,37,4323.193893252286
1021,PGE_valley,PGE_bay,38,4229.3102245203
1022,PGE_valley,PGE_bay,39,4296.975260491843
1023,PGE_valley,PGE_bay,40,4299.14724855449
1024,PGE_valley,PGE_bay,41,4434.799296798556
1025,PGE_valley,PGE_bay,42,4543.970811419307
1026,PGE_valley,PGE_bay,43,4992.065462359555
1027,PGE_valley,PGE_bay,44,4979.491448470267
1028,PGE_valley,PGE_bay,45,4897.972901264297
1029,PGE_valley,PGE_bay,46,4588.976254340215
1030,PGE_valley,PGE_bay,47,4321.6320500108395
1031,PGE_valley,PGE_bay,48,4046.770262466199
1032,PGE_valley,PGE_valley,25,0.0
1033,PGE_valley,PGE_valley,26,0.0
1034,PGE_valley,PGE_valley,27,0.0
1035,PGE_valley,PGE_valley,28,0.0
1036,PGE_valley,PGE_valley,29,0.0
1037,PGE_valley,PGE_valley,30,0.0
1038,PGE_valley,PGE_valley,31,0.0
1039,PGE_valley,PGE_valley,32,0.0
1040,PGE_valley,PGE_valley,33,0.0
1041,PGE_valley,PGE_valley,34,0.0
1042,PGE_valley,PGE_valley,35,0.0
1043,PGE_valley,PGE_valley,36,0.0
1044,PGE_valley,PGE_valley,37,0.0
1045,PGE_valley,PGE_valley,38,0.0
1046,PGE_valley,PGE_valley,39,0.0
1047,PGE_valley,PGE_valley,40,0.0
1048,PGE_valley,PGE_valley,41,0.0
1049,PGE_valley,PGE_valley,42,0.0
1050,PGE_valley,PGE_valley,43,0.0
1051,PGE_valley,PGE_valley,44,0.0
1052,PGE_valley,PGE_valley,45,0.0
1053,PGE_valley,PGE_valley,46,0.0
1054,PGE_valley,PGE_valley,47,0.0
1055,PGE_valley,PGE_valley,48,0.0
1056,PGE_valley,PNW,25,0.0
1057,PGE_valley,PNW,26,0.0
1058,PGE_valley,PNW,27,0.0
1059,PGE_valley,PNW,28,0.0
1060,PGE_valley,PNW,29,0.0
1061,PGE_valley,PNW,30,0.0
1062,PGE_valley,PNW,31,0.0
1063,PGE_valley,PNW,32,0.0
1064,PGE_valley,PNW,33,0.0
1065,PGE_valley,PNW,34,0.0
1066,PGE_valley,PNW,35,0.0
1067,PGE_valley,PNW,36,0.0
1068,PGE_valley,PNW,37,0.0
1069,PGE_valley,PNW,38,0.0
1070,PGE_valley,PNW,39,0.0
1071,PGE_valley,PNW,40,0.0
1072,PGE_valley,PNW,41,0.0
1073,PGE_valley,PNW,42,0.0
1074,PGE_valley,PNW,43,0.0
1075,PGE_valley,PNW,44,0.0
1076,PGE_valley,PNW,45,0.0
1077,PGE_valley,PNW,46,0.0
1078,PGE_valley,PNW,47,0.0
1079,PGE_valley,PNW,48,0.0
1080,PNW,SCE,25,0.0
1081,PNW,SCE,26,0.0
1082,PNW,SCE,27,0.0
1083,PNW,SCE,28,0.0
1084,PNW,SCE,29,0.0
1085,PNW,SCE,30,0.0
1086,PNW,SCE,31,0.0
1087,PNW,SCE,32,0.0
1088,PNW,SCE,33,0.0
1089,PNW,SCE,34,0.0
1090,PNW,SCE,35,0.0
1091,PNW,SCE,36,0.0
1092,PNW,SCE,37,0.0
1093,PNW,SCE,38,0.0
1094,PNW,SCE,39,0.0
1095,PNW,SCE,40,0.0
1096,PNW,SCE,41,0.0
1097,PNW,SCE,42,0.0
1098,PNW,SCE,43,0.0
1099,PNW,SCE,44,0.0
1100,PNW,SCE,45,0.0
1101,PNW,SCE,46,0.0
1102,PNW,SCE,47,0.0
1103,PNW,SCE,48,0.0
1104,PNW,SDGE,25,0.0
1105,PNW,SDGE,26,0.0
1106,PNW,SDGE,27,0.0
1107,PNW,SDGE,28,0.0
1108,PNW,SDGE,29,0.0
1109,PNW,SDGE,30,0.0
1110,PNW,SDGE,31,0.0
1111,PNW,SDGE,32,0.0
1112,PNW,SDGE,33,0.0
1113,PNW,SDGE,34,0.0
1114,PNW,SDGE,35,0.0
1115,PNW,SDGE,36,0.0
1116,PNW,SDGE,37,0.0
1117,PNW,SDGE,38,0.0
1118,PNW,SDGE,39,0.0
1119,PNW,SDGE,40,0.0
1120,PNW,SDGE,41,0.0
1121,PNW,SDGE,42,0.0
1122,PNW,SDGE,43,0.0
1123,PNW,SDGE,44,0.0
1124,PNW,SDGE,45,0.0
1125,PNW,SDGE,46,0.0
1126,PNW,SDGE,47,0.0
1127,PNW,SDGE,48,0.0
1128,PNW,PGE_bay,25,0.0
1129,PNW,PGE_bay,26,0.0
1130,PNW,PGE_bay,27,0.0
1131,PNW,PGE_bay,28,0.0
1132,PNW,PGE_bay,29,0.0
1133,PNW,PGE_bay,30,0.0
1134,PNW,PGE_bay,31,0.0
1135,PNW,PGE_bay,32,0.0
1136,PNW,PGE_bay,33,0.0
1137,PNW,PGE_bay,34,0.0
1138,PNW,PGE_bay,35,0.0
1139,PNW,PGE_bay,36,0.0
1140,PNW,PGE_bay,37,0.0
1141,PNW,PGE_bay,38,0.0
1142,PNW,PGE_bay,39,0.0
1143,PNW,PGE_bay,40,0.0
1144,PNW,PGE_bay,41,0.0
1145,PNW,PGE_bay,42,0.0
1146,PNW,PGE_bay,43,0.0
1147,PNW,PGE_bay,44,0.0
1148,PNW,PGE_bay,45,0.0
1149,PNW,PGE_bay,46,0.0
1150,PNW,PGE_bay,47,0.0
1151,PNW,PGE_bay,48,0.0
1152,PNW,PGE_valley,25,4200.0
1153,PNW,PGE_valley,26,4200.0
1154,PNW,PGE_valley,27,4200.0
1155,PNW,PGE_valley,28,4200.0
1156,PNW,PGE_valley,29,4200.0
1157,PNW,PGE_valley,30,4200.0
1158,PNW,PGE_valley,31,4200.0
1159,PNW,PGE_valley,32,4200.0
1160,PNW,PGE_valley,33,4200.0
1161,PNW,PGE_valley,34,4200.0
1162,PNW,PGE_valley,35,4200.0
1163,PNW,PGE_valley,36,4200.0
1164,PNW,PGE_valley,37,4200.0
1165,PNW,PGE_valley,38,4200.0
1166,PNW,PGE_valley,39,4200.0
1167,PNW,PGE_valley,40,4200.0
1168,PNW,PGE_valley,41,4200.0
1169,PNW,PGE_valley,42,4200.0
1170,PNW,PGE_valley,43,4200.0
1171,PNW,PGE_valley,44,4200.0
1172,PNW,PGE_valley,45,4200.0
1173,PNW,PGE_valley,46,4200.0
1174,PNW,PGE_valley,47,4200.0
1175,PNW,PGE_valley,48,4200.0
1176,PNW,PNW,25,0.0
1177,PNW,PNW,26,0.0
1178,PNW,PNW,27,0.0
1179,PNW,PNW,28,0.0
1180,PNW,PNW,29,0.0
1181,PNW,PNW,30,0.0
1182,PNW,PNW,31,0.0
1183,PNW,PNW,32,0.0
1184,PNW,PNW,33,0.0
1185,PNW,PNW,34,0.0
1186,PNW,PNW,35,0.0
1187,PNW,PNW,36,0.0
1188,PNW,PNW,37,0.0
1189,PNW,PNW,38,0.0
1190,PNW,PNW,39,0.0
1191,PNW,PNW,40,0.0
1192,PNW,PNW,41,0.0
1193,PNW,PNW,42,0.0
1194,PNW,PNW,43,0.0
1195,PNW,PNW,44,0.0
1196,PNW,PNW,45,0.0
1197,PNW,PNW,46,0.0
1198,PNW,PNW,47,0.0
1199,PNW,PNW,48,0.0
1200,SCE,SCE,49,0.0
1201,SCE,SCE,50,0.0
1202,SCE,SCE,51,0.0
1203,SCE,SCE,52,0.0
1204,SCE,SCE,53,0.0
1205,SCE,SCE,54,0.0
1206,SCE,SCE,55,0.0
1207,SCE,SCE,56,0.0
1208,SCE,SCE,57,0.0
1209,SCE,SCE,58,0.0
1210,SCE,SCE,59,0.0
1211,SCE,SCE,60,0.0
1212,SCE,SCE,61,0.0
1213,SCE,SCE,62,0.0
1214,SCE,SCE,63,0.0
1215,SCE,SCE,64,0.0
1216,SCE,SCE,65,0.0
1217,SCE,SCE,66,0.0
1218,SCE,SCE,67,0.0
1219,SCE,SCE,68,0.0
1220,SCE,SCE,69,0.0
1221,SCE,SCE,70,0.0
1222,SCE,SCE,71,0.0
1223,SCE,SCE,72,0.0
1224,SCE,SDGE,49,0.0
1225,SCE,SDGE,50,0.0
1226,SCE,SDGE,51,0.0
1227,SCE,SDGE,52,0.0
1228,SCE,SDGE,53,0.0
1229,SCE,SDGE,54,0.0
1230,SCE,SDGE,55,0.0
1231,SCE,SDGE,56,0.0
1232,SCE,SDGE,57,0.0
1233,SCE,SDGE,58,0.0
1234,SCE,SDGE,59,0.0
1235,SCE,SDGE,60,0.0
1236,SCE,SDGE,61,0.0
1237,SCE,SDGE,62,0.0
1238,SCE,SDGE,63,0.0
1239,SCE,SDGE,64,0.0
1240,SCE,SDGE,65,0.0
1241,SCE,SDGE,66,75.6745400740792
1242,SCE,SDGE,67,305.5470394108731
1243,SCE,SDGE,68,334.87293023070026
1244,SCE,SDGE,69,195.62490804414043
1245,SCE,SDGE,70,194.0854850054933
1246,SCE,SDGE,71,202.83870035368335
1247,SCE,SDGE,72,193.7111620320421
1248,SCE,PGE_bay,49,0.0
1249,SCE,PGE_bay,50,0.0
1250,SCE,PGE_bay,51,0.0
1251,SCE,PGE_bay,52,0.0
1252,SCE,PGE_bay,53,0.0
1253,SCE,PGE_bay,54,0.0
1254,SCE,PGE_bay,55,0.0
1255,SCE,PGE_bay,56,0.0
1256,SCE,PGE_bay,57,0.0
1257,SCE,PGE_bay,58,0.0
1258,SCE,PGE_bay,59,0.0
1259,SCE,PGE_bay,60,0.0
1260,SCE,PGE_bay,61,0.0
1261,SCE,PGE_bay,62,0.0
1262,SCE,PGE_bay,63,0.0
1263,SCE,PGE_bay,64,0.0
1264,SCE,PGE_bay,65,0.0
1265,SCE,PGE_bay,66,0.0
1266,SCE,PGE_bay,67,0.0
1267,SCE,PGE_bay,68,0.0
1268,SCE,PGE_bay,69,0.0
1269,SCE,PGE_bay,70,0.0
1270,SCE,PGE_bay,71,0.0
1271,SCE,PGE_bay,72,0.0
1272,SCE,PGE_valley,49,0.0
1273,SCE,PGE_valley,50,0.0
1274,SCE,PGE_valley,51,0.0
1275,SCE,PGE_valley,52,0.0
1276,SCE,PGE_valley,53,0.0
1277,SCE,PGE_valley,54,0.0
1278,SCE,PGE_valley,55,0.0
1279,SCE,PGE_valley,56,0.0
1280,SCE,PGE_valley,57,0.0
1281,SCE,PGE_valley,58,0.0
1282,SCE,PGE_valley,59,0.0
1283,SCE,PGE_valley,60,0.0
1284,SCE,PGE_valley,61,0.0
1285,SCE,PGE_valley,62,0.0
1286,SCE,PGE_valley,63,0.0
1287,SCE,PGE_valley,64,0.0
1288,SCE,PGE_valley,65,0.0
1289,SCE,PGE_valley,66,0.0
1290,SCE,PGE_valley,67,0.0
1291,SCE,PGE_valley,68,0.0
1292,SCE,PGE_valley,69,0.0
1293,SCE,PGE_valley,70,0.0
1294,SCE,PGE_valley,71,0.0
1295,SCE,PGE_valley,72,0.0
1296,SCE,PNW,49,0.0
1297,SCE,PNW,50,0.0
1298,SCE,PNW,51,0.0
1299,SCE,PNW,52,0.0
1300,SCE,PNW,53,0.0
1301,SCE,PNW,54,0.0
1302,SCE,PNW,55,0.0
1303,SCE,PNW,56,0.0
1304,SCE,PNW,57,0.0
1305,SCE,PNW,58,0.0
1306,SCE,PNW,59,0.0
1307,SCE,PNW,60,0.0
1308,SCE,PNW,61,0.0
1309,SCE,PNW,62,0.0
1310,SCE,PNW,63,0.0
1311,SCE,PNW,64,0.0
1312,SCE,PNW,65,0.0
1313,SCE,PNW,66,0.0
1314,SCE,PNW,67,0.0
1315,SCE,PNW,68,0.0
1316,SCE,PNW,69,0.0
1317,SCE,PNW,70,0.0
1318,SCE,PNW,71,0.0
1319,SCE,PNW,72,0.0
1320,SDGE,SCE,49,0.0
1321,SDGE,SCE,50,0.0
1322,SDGE,SCE,51,0.0
1323,SDGE,SCE,52,0.0
1324,SDGE,SCE,53,0.0
1325,SDGE,SCE,54,0.0
1326,SDGE,SCE,55,0.0
1327,SDGE,SCE,56,0.0
1328,SDGE,SCE,57,0.0
1329,SDGE,SCE,58,0.0
1330,SDGE,SCE,59,0.0
1331,SDGE,SCE,60,0.0
1332,SDGE,SCE,61,0.0
1333,SDGE,SCE,62,0.0
1334,SDGE,SCE,63,0.0
1335,SDGE,SCE,64,0.0
1336,SDGE,SCE,65,0.0
1337,SDGE,SCE,66,0.0
1338,SDGE,SCE,67,0.0
1339,SDGE,SCE,68,0.0
1340,SDGE,SCE,69,0.0
1341,SDGE,SCE,70,0.0
1342,SDGE,SCE,71,0.0
1343,SDGE,SCE,72,0.0
1344,SDGE,SDGE,49,0.0
1345,SDGE,SDGE,50,0.0
1346,SDGE,SDGE,51,0.0
1347,SDGE,SDGE,52,0.0
1348,SDGE,SDGE,53,0.0
1349,SDGE,SDGE,54,0.0
1350,SDGE,SDGE,55,0.0
1351,SDGE,SDGE,56,0.0
1352,SDGE,SDGE,57,0.0
1353,SDGE,SDGE,58,0.0
1354,SDGE,SDGE,59,0.0
1355,SDGE,SDGE,60,0.0
1356,SDGE,SDGE,61,0.0
1357,SDGE,SDGE,62,0.0
1358,SDGE,SDGE,63,0.0
1359,SDGE,SDGE,64,0.0
1360,SDGE,SDGE,65,0.0
1361,SDGE,SDGE,66,0.0
1362,SDGE,SDGE,67,0.0
1363,SDGE,SDGE,68,0.0
1364,SDGE,SDGE,69,0.0
1365,SDGE,SDGE,70,0.0
1366,SDGE,SDGE,71,0.0
1367,SDGE,SDGE,72,0.0
1368,SDGE,PGE_bay,49,0.0
1369,SDGE,PGE_bay,50,0.0
1370,SDGE,PGE_bay,51,0.0
1371,SDGE,PGE_bay,52,0.0
1372,SDGE,PGE_bay,53,0.0
1373,SDGE,PGE_bay,54,0.0
1374,SDGE,PGE_bay,55,0.0
1375,SDGE,PGE_bay,56,0.0
1376,SDGE,PGE_bay,57,0.0
1377,SDGE,PGE_bay,58,0.0
1378,SDGE,PGE_bay,59,0.0
1379,SDGE,PGE_bay,60,0.0
1380,SDGE,PGE_bay,61,0.0
1381,SDGE,PGE_bay,62,0.0
1382,SDGE,PGE_bay,63,0.0
1383,SDGE,PGE_bay,64,0.0
1384,SDGE,PGE_bay,65,0.0
1385,SDGE,PGE_bay,66,0.0
1386,SDGE,PGE_bay,67,0.0
1387,SDGE,PGE_bay,68,0.0
1388,SDGE,PGE_bay,69,0.0
1389,SDGE,PGE_bay,70,0.0
1390,SDGE,PGE_bay,71,0.0
1391,SDGE,PGE_bay,72,0.0
1392,SDGE,PGE_valley,49,0.0
1393,SDGE,PGE_valley,50,0.0
1394,SDGE,PGE_valley,51,0.0
1395,SDGE,PGE_valley,52,0.0
1396,SDGE,PGE_valley,53,0.0
1397,SDGE,PGE_valley,54,0.0
1398,SDGE,PGE_valley,55,0.0
1399,SDGE,PGE_valley,56,0.0
1400,SDGE,PGE_valley,57,0.0
1401,SDGE,PGE_valley,58,0.0
1402,SDGE,PGE_valley,59,0.0
1403,SDGE,PGE_valley,60,0.0
1404,SDGE,PGE_valley,61,0.0
1405,SDGE,PGE_valley,62,0.0
1406,SDGE,PGE_valley,63,0.0
1407,SDGE,PGE_valley,64,0.0
1408,SDGE,PGE_valley,65,0.0
1409,SDGE,PGE_valley,66,0.0
1410,SDGE,PGE_valley,67,0.0
1411,SDGE,PGE_valley,68,0.0
1412,SDGE,PGE_valley,69,0.0
1413,SDGE,PGE_valley,70,0.0
1414,SDGE,PGE_valley,71,0.0
1415,SDGE,PGE_valley,72,0.0
1416,SDGE,PNW,49,0.0
1417,SDGE,PNW,50,0.0
1418,SDGE,PNW,51,0.0
1419,SDGE,PNW,52,0.0
1420,SDGE,PNW,53,0.0
1421,SDGE,PNW,54,0.0
1422,SDGE,PNW,55,0.0
1423,SDGE,PNW,56,0.0
1424,SDGE,PNW,57,0.0
1425,SDGE,PNW,58,0.0
1426,SDGE,PNW,59,0.0
1427,SDGE,PNW,60,0.0
1428,SDGE,PNW,61,0.0
1429,SDGE,PNW,62,0.0
1430,SDGE,PNW,63,0.0
1431,SDGE,PNW,64,0.0
1432,SDGE,PNW,65,0.0
1433,SDGE,PNW,66,0.0
1434,SDGE,PNW,67,0.0
1435,SDGE,PNW,68,0.0
1436,SDGE,PNW,69,0.0
1437,SDGE,PNW,70,0.0
1438,SDGE,PNW,71,0.0
1439,SDGE,PNW,72,0.0
1440,PGE_bay,SCE,49,0.0
1441,PGE_bay,SCE,50,0.0
1442,PGE_bay,SCE,51,0.0
1443,PGE_bay,SCE,52,0.0
1444,PGE_bay,SCE,53,0.0
1445,PGE_bay,SCE,54,0.0
1446,PGE_bay,SCE,55,0.0
1447,PGE_bay,SCE,56,0.0
1448,PGE_bay,SCE,57,0.0
1449,PGE_bay,SCE,58,0.0
1450,PGE_bay,SCE,59,0.0
1451,PGE_bay,SCE,60,0.0
1452,PGE_bay,SCE,61,0.0
1453,PGE_bay,SCE,62,0.0
1454,PGE_bay,SCE,63,0.0
1455,PGE_bay,SCE,64,0.0
1456,PGE_bay,SCE,65,0.0
1457,PGE_bay,SCE,66,0.0
1458,PGE_bay,SCE,67,0.0
1459,PGE_bay,SCE,68,0.0
1460,PGE_bay,SCE,69,0.0
1461,PGE_bay,SCE,70,0.0
1462,PGE_bay,SCE,71,0.0
1463,PGE_bay,SCE,72,0.0
1464,PGE_bay,SDGE,49,0.0
1465,PGE_bay,SDGE,50,0.0
1466,PGE_bay,SDGE,51,0.0
1467,PGE_bay,SDGE,52,0.0
1468,PGE_bay,SDGE,53,0.0
1469,PGE_bay,SDGE,54,0.0
1470,PGE_bay,SDGE,55,0.0
1471,PGE_bay,SDGE,56,0.0
1472,PGE_bay,SDGE,57,0.0
1473,PGE_bay,SDGE,58,0.0
1474,PGE_bay,SDGE,59,0.0
1475,PGE_bay,SDGE,60,0.0
1476,PGE_bay,SDGE,61,0.0
1477,PGE_bay,SDGE,62,0.0
1478,PGE_bay,SDGE,63,0.0
1479,PGE_bay,SDGE,64,0.0
1480,PGE_bay,SDGE,65,0.0
1481,PGE_bay,SDGE,66,0.0
1482,PGE_bay,SDGE,67,0.0
1483,PGE_bay,SDGE,68,0.0
1484,PGE_bay,SDGE,69,0.0
1485,PGE_bay,SDGE,70,0.0
1486,PGE_bay,SDGE,71,0.0
1487,PGE_bay,SDGE,72,0.0
1488,PGE_bay,PGE_bay,49,0.0
1489,PGE_bay,PGE_bay,50,0.0
1490,PGE_bay,PGE_bay,51,0.0
1491,PGE_bay,PGE_bay,52,0.0
1492,PGE_bay,PGE_bay,53,0.0
1493,PGE_bay,PGE_bay,54,0.0
1494,PGE_bay,PGE_bay,55,0.0
1495,PGE_bay,PGE_bay,56,0.0
1496,PGE_bay,PGE_bay,57,0.0
1497,PGE_bay,PGE_bay,58,0.0
1498,PGE_bay,PGE_bay,59,0.0
1499,PGE_bay,PGE_bay,60,0.0
1500,PGE_bay,PGE_bay,61,0.0
1501,PGE_bay,PGE_bay,62,0.0
1502,PGE_bay,PGE_bay,63,0.0
1503,PGE_bay,PGE_bay,64,0.0
1504,PGE_bay,PGE_bay,65,0.0
1505,PGE_bay,PGE_bay,66,0.0
1506,PGE_bay,PGE_bay,67,0.0
1507,PGE_bay,PGE_bay,68,0.0
1508,PGE_bay,PGE_bay,69,0.0
1509,PGE_bay,PGE_bay,70,0.0
1510,PGE_bay,PGE_bay,71,0.0
1511,PGE_bay,PGE_bay,72,0.0
1512,PGE_bay,PGE_valley,49,0.0
1513,PGE_bay,PGE_valley,50,0.0
1514,PGE_bay,PGE_valley,51,0.0
1515,PGE_bay,PGE_valley,52,0.0
1516,PGE_bay,PGE_valley,53,0.0
1517,PGE_bay,PGE_valley,54,0.0
1518,PGE_bay,PGE_valley,55,0.0
1519,PGE_bay,PGE_valley,56,0.0
1520,PGE_bay,PGE_valley,57,0.0
1521,PGE_bay,PGE_valley,58,0.0
1522,PGE_bay,PGE_valley,59,0.0
1523,PGE_bay,PGE_valley,60,0.0
1524,PGE_bay,PGE_valley,61,0.0
1525,PGE_bay,PGE_valley,62,0.0
1526,PGE_bay,PGE_valley,63,0.0
1527,PGE_bay,PGE_valley,64,0.0
1528,PGE_bay,PGE_valley,65,0.0
1529,PGE_bay,PGE_valley,66,0.0
1530,PGE_bay,PGE_valley,67,0.0
1531,PGE_bay,PGE_valley,68,0.0
1532,PGE_bay,PGE_valley,69,0.0
1533,PGE_bay,PGE_valley,70,0.0
1534,PGE_bay,PGE_valley,71,0.0
1535,PGE_bay,PGE_valley,72,0.0
1536,PGE_bay,PNW,49,0.0
1537,PGE_bay,PNW,50,0.0
1538,PGE_bay,PNW,51,0.0
1539,PGE_bay,PNW,52,0.0
1540,PGE_bay,PNW,53,0.0
1541,PGE_bay,PNW,54,0.0
1542,PGE_bay,PNW,55,0.0
1543,PGE_bay,PNW,56,0.0
1544,PGE_bay,PNW,57,0.0
1545,PGE_bay,PNW,58,0.0
1546,PGE_bay,PNW,59,0.0
1547,PGE_bay,PNW,60,0.0
1548,PGE_bay,PNW,61,0.0
1549,PGE_bay,PNW,62,0.0
1550,PGE_bay,PNW,63,0.0
1551,PGE_bay,PNW,64,0.0
1552,PGE_bay,PNW,65,0.0
1553,PGE_bay,PNW,66,0.0
1554,PGE_bay,PNW,67,0.0
1555,PGE_bay,PNW,68,0.0
1556,PGE_bay,PNW,69,0.0
1557,PGE_bay,PNW,70,0.0
1558,PGE_bay,PNW,71,0.0
1559,PGE_bay,PNW,72,0.0
1560,PGE_valley,SCE,49,530.4388342911702
1561,PGE_valley,SCE,50,0.0
1562,PGE_valley,SCE,51,0.0
1563,PGE_valley,SCE,52,0.0
1564,PGE_valley,SCE,53,0.0
1565,PGE_valley,SCE,54,0.0
1566,PGE_valley,SCE,55,0.0
1567,PGE_valley,SCE,56,0.0
1568,PGE_valley,SCE,57,0.0
1569,PGE_valley,SCE,58,0.0
1570,PGE_valley,SCE,59,0.0
1571,PGE_valley,SCE,60,0.0
1572,PGE_valley,SCE,61,0.0
1573,PGE_valley,SCE,62,0.0
1574,PGE_valley,SCE,63,0.0
1575,PGE_valley,SCE,64,0.0
1576,PGE_valley,SCE,65,20.89111853025861
1577,PGE_valley,SCE,66,90.35651840860336
1578,PGE_valley,SCE,67,632.2879057414739
1579,PGE_valley,SCE,68,404.6535083519748
1580,PGE_valley,SCE,69,641.6744948708192
1581,PGE_valley,SCE,70,954.4135043215601
1582,PGE_valley,SCE,71,1721.4967106342756
1583,PGE_valley,SCE,72,1443.267217000352
1584,PGE_valley,SDGE,49,0.0
1585,PGE_valley,SDGE,50,0.0
1586,PGE_valley,SDGE,51,0.0
1587,PGE_valley,SDGE,52,0.0
1588,PGE_valley,SDGE,53,0.0
1589,PGE_valley,SDGE,54,0.0
1590,PGE_valley,SDGE,55,0.0
1591,PGE_valley,SDGE,56,0.0
1592,PGE_valley,SDGE,57,0.0
1593,PGE_valley,SDGE,58,0.0
1594,PGE_valley,SDGE,59,0.0
1595,PGE_valley,SDGE,60,0.0
1596,PGE_valley,SDGE,61,0.0
1597,PGE_valley,SDGE,62,0.0
1598,PGE_valley,SDGE,63,0.0
1599,PGE_valley,SDGE,64,0.0
1600,PGE_valley,SDGE,65,0.0
1601,PGE_valley,SDGE,66,0.0
1602,PGE_valley,SDGE,67,0.0
1603,PGE_valley,SDGE,68,0.0
1604,PGE_valley,SDGE,69,0.0
1605,PGE_valley,SDGE,70,0.0
1606,PGE_valley,SDGE,71,0.0
1607,PGE_valley,SDGE,72,0.0
1608,PGE_valley,PGE_bay,49,3414.808557021606
1609,PGE_valley,PGE_bay,50,3240.448570132304
1610,PGE_valley,PGE_bay,51,3138.1001269823223
1611,PGE_valley,PGE_bay,52,3110.0691547432752
1612,PGE_valley,PGE_bay,53,3197.477359010219
1613,PGE_valley,PGE_bay,54,3325.063854268779
1614,PGE_valley,PGE_bay,55,3624.3107700190417
1615,PGE_valley,PGE_bay,56,4099.389094959497
1616,PGE_valley,PGE_bay,57,4195.929724027907
1617,PGE_valley,PGE_bay,58,4786.030702706348
1618,PGE_valley,PGE_bay,59,4533.085240424689
1619,PGE_valley,PGE_bay,60,4482.721029950637
1620,PGE_valley,PGE_bay,61,4346.76498022763
1621,PGE_valley,PGE_bay,62,4235.400796177744
1622,PGE_valley,PGE_bay,63,4274.376823039882
1623,PGE_valley,PGE_bay,64,4290.24473939733
1624,PGE_valley,PGE_bay,65,4250.51455522589
1625,PGE_valley,PGE_bay,66,4403.535471243899
1626,PGE_valley,PGE_bay,67,4802.56923885427
1627,PGE_valley,PGE_bay,68,4871.8055476694135
1628,PGE_valley,PGE_bay,69,4780.529949414112
1629,PGE_valley,PGE_bay,70,4658.769278486023
1630,PGE_valley,PGE_bay,71,4313.740050011545
1631,PGE_valley,PGE_bay,72,4052.2869468465815
1632,PGE_valley,PGE_valley,49,0.0
1633,PGE_valley,PGE_valley,50,0.0
1634,PGE_valley,PGE_valley,51,0.0
1635,PGE_valley,PGE_valley,52,0.0
1636,PGE_valley,PGE_valley,53,0.0
1637,PGE_valley,PGE_valley,54,0.0
1638,PGE_valley,PGE_valley,55,0.0
1639,PGE_valley,PGE_valley,56,0.0
1640,PGE_valley,PGE_valley,57,0.0
1641,PGE_valley,PGE_valley,58,0.0
1642,PGE_valley,PGE_valley,59,0.0
1643,PGE_valley,PGE_valley,60,0.0
1644,PGE_valley,PGE_valley,61,0.0
1645,PGE_valley,PGE_valley,62,0.0
1646,PGE_valley,PGE_valley,63,0.0
1647,PGE_valley,PGE_valley,64,0.0
1648,PGE_valley,PGE_valley,65,0.0
1649,PGE_valley,PGE_valley,66,0.0
1650,PGE_valley,PGE_valley,67,0.0
1651,PGE_valley,PGE_valley,68,0.0
1652,PGE_valley,PGE_valley,69,0.0
1653,PGE_valley,PGE_valley,70,0.0
1654,PGE_valley,PGE_valley,71,0.0
1655,PGE_valley,PGE_valley,72,0.0
1656,PGE_valley,PNW,49,0.0
1657,PGE_valley,PNW,50,0.0
1658,PGE_valley,PNW,51,0.0
1659,PGE_valley,PNW,52,0.0
1660,PGE_valley,PNW,53,0.0
1661,PGE_valley,PNW,54,0.0
1662,PGE_valley,PNW,55,0.0
1663,PGE_valley,PNW,56,0.0
1664,PGE_valley,PNW,57,0.0
1665,PGE_valley,PNW,58,0.0
1666,PGE_valley,PNW,59,0.0
1667,PGE_valley,PNW,60,0.0
1668,PGE_valley,PNW,61,0.0
1669,PGE_valley,PNW,62,0.0
1670,PGE_valley,PNW,63,0.0
1671,PGE_valley,PNW,64,0.0
1672,PGE_valley,PNW,65,0.0
1673,PGE_valley,PNW,66,0.0
1674,PGE_valley,PNW,67,0.0
1675,PGE_valley,PNW,68,0.0
1676,PGE_valley,PNW,69,0.0
1677,PGE_valley,PNW,70,0.0
1678,PGE_valley,PNW,71,0.0
1679,PGE_valley,PNW,72,0.0
1680,PNW,SCE,49,0.0
1681,PNW,SCE,50,0.0
1682,PNW,SCE,51,0.0
1683,PNW,SCE,52,0.0
1684,PNW,SCE,53,0.0
1685,PNW,SCE,54,0.0
1686,PNW,SCE,55,0.0
1687,PNW,SCE,56,0.0
1688,PNW,SCE,57,0.0
1689,PNW,SCE,58,0.0
1690,PNW,SCE,59,0.0
1691,PNW,SCE,60,0.0
1692,PNW,SCE,61,0.0
1693,PNW,SCE,62,0.0
1694,PNW,SCE,63,0.0
1695,PNW,SCE,64,0.0
1696,PNW,SCE,65,0.0
1697,PNW,SCE,66,0.0
1698,PNW,SCE,67,0.0
1699,PNW,SCE,68,0.0
1700,PNW,SCE,69,0.0
1701,PNW,SCE,70,0.0
1702,PNW,SCE,71,0.0
1703,PNW,SCE,72,0.0
1704,PNW,SDGE,49,0.0
1705,PNW,SDGE,50,0.0
1706,PNW,SDGE,51,0.0
1707,PNW,SDGE,52,0.0
1708,PNW,SDGE,53,0.0
1709,PNW,SDGE,54,0.0
1710,PNW,SDGE,55,0.0
1711,PNW,SDGE,56,0.0
1712,PNW,SDGE,57,0.0
1713,PNW,SDGE,58,0.0
1714,PNW,SDGE,59,0.0
1715,PNW,SDGE,60,0.0
1716,PNW,SDGE,61,0.0
1717,PNW,SDGE,62,0.0
1718,PNW,SDGE,63,0.0
1719,PNW,SDGE,64,0.0
1720,PNW,SDGE,65,0.0
1721,PNW,SDGE,66,0.0
1722,PNW,SDGE,67,0.0
1723,PNW,SDGE,68,0.0
1724,PNW,SDGE,69,0.0
1725,PNW,SDGE,70,0.0
1726,PNW,SDGE,71,0.0
1727,PNW,SDGE,72,0.0
1728,PNW,PGE_bay,49,0.0
1729,PNW,PGE_bay,50,0.0
1730,PNW,PGE_bay,51,0.0
1731,PNW,PGE_bay,52,0.0
1732,PNW,PGE_bay,53,0.0
1733,PNW,PGE_bay,54,0.0
1734,PNW,PGE_bay,55,0.0
1735,PNW,PGE_bay,56,0.0
1736,PNW,PGE_bay,57,0.0
1737,PNW,PGE_bay,58,0.0
1738,PNW,PGE_bay,59,0.0
1739,PNW,PGE_bay,60,0.0
1740,PNW,PGE_bay,61,0.0
1741,PNW,PGE_bay,62,0.0
1742,PNW,PGE_bay,63,0.0
1743,PNW,PGE_bay,64,0.0
1744,PNW,PGE_bay,65,0.0
1745,PNW,PGE_bay,66,0.0
1746,PNW,PGE_bay,67,0.0
1747,PNW,PGE_bay,68,0.0
1748,PNW,PGE_bay,69,0.0
1749,PNW,PGE_bay,70,0.0
1750,PNW,PGE_bay,71,0.0
1751,PNW,PGE_bay,72,0.0
1752,PNW,PGE_valley,49,4200.0
1753,PNW,PGE_valley,50,4200.0
1754,PNW,PGE_valley,51,4200.0
1755,PNW,PGE_valley,52,4200.0
1756,PNW,PGE_valley,53,4200.0
1757,PNW,PGE_valley,54,4200.0
1758,PNW,PGE_valley,55,4200.0
1759,PNW,PGE_valley,56,4200.0
1760,PNW,PGE_valley,57,4200.0
1761,PNW,PGE_valley,58,4200.0
1762,PNW,PGE_valley,59,4200.0
1763,PNW,PGE_valley,60,4200.0
1764,PNW,PGE_valley,61,4200.0
1765,PNW,PGE_valley,62,4200.0
1766,PNW,PGE_valley,63,4200.0
1767,PNW,PGE_valley,64,4200.0
1768,PNW,PGE_valley,65,4200.0
1769,PNW,PGE_valley,66,4200.0
1770,PNW,PGE_valley,67,4200.0
1771,PNW,PGE_valley,68,4200.0
1772,PNW,PGE_valley,69,4200.0
1773,PNW,PGE_valley,70,4200.0
1774,PNW,PGE_valley,71,4200.0
1775,PNW,PGE_valley,72,4200.0
1776,PNW,PNW,49,0.0
1777,PNW,PNW,50,0.0
1778,PNW,PNW,51,0.0
1779,PNW,PNW,52,0.0
1780,PNW,PNW,53,0.0
1781,PNW,PNW,54,0.0
1782,PNW,PNW,55,0.0
1783,PNW,PNW,56,0.0
1784,PNW,PNW,57,0.0
1785,PNW,PNW,58,0.0
1786,PNW,PNW,59,0.0
1787,PNW,PNW,60,0.0
1788,PNW,PNW,61,0.0
1789,PNW,PNW,62,0.0
1790,PNW,PNW,63,0.0
1791,PNW,PNW,64,0.0
1792,PNW,PNW,65,0.0
1793,PNW,PNW,66,0.0
1794,PNW,PNW,67,0.0
1795,PNW,PNW,68,0.0
1796,PNW,PNW,69,0.0
1797,PNW,PNW,70,0.0
1798,PNW,PNW,71,0.0
1799,PNW,PNW,72,0.0
1800,SCE,SCE,73,0.0
1801,SCE,SCE,74,0.0
1802,SCE,SCE,75,0.0
1803,SCE,SCE,76,0.0
1804,SCE,SCE,77,0.0
1805,SCE,SCE,78,0.0
1806,SCE,SCE,79,0.0
1807,SCE,SCE,80,0.0
1808,SCE,SCE,81,0.0
1809,SCE,SCE,82,0.0
1810,SCE,SCE,83,0.0
1811,SCE,SCE,84,0.0
1812,SCE,SCE,85,0.0
1813,SCE,SCE,86,0.0
1814,SCE,SCE,87,0.0
1815,SCE,SCE,88,0.0
1816,SCE,SCE,89,0.0
1817,SCE,SCE,90,0.0
1818,SCE,SCE,91,0.0
1819,SCE,SCE,92,0.0
1820,SCE,SCE,93,0.0
1821,SCE,SCE,94,0.0
1822,SCE,SCE,95,0.0
1823,SCE,SCE,96,0.0
1824,SCE,SDGE,73,0.0
1825,SCE,SDGE,74,0.0
1826,SCE,SDGE,75,0.0
1827,SCE,SDGE,76,0.0
1828,SCE,SDGE,77,0.0
1829,SCE,SDGE,78,0.0
1830,SCE,SDGE,79,0.0
1831,SCE,SDGE,80,0.0
1832,SCE,SDGE,81,0.0
1833,SCE,SDGE,82,0.0
1834,SCE,SDGE,83,0.0
1835,SCE,SDGE,84,0.0
1836,SCE,SDGE,85,0.0
1837,SCE,SDGE,86,0.0
1838,SCE,SDGE,87,0.0
1839,SCE,SDGE,88,0.0
1840,SCE,SDGE,89,0.0
1841,SCE,SDGE,90,0.0
1842,SCE,SDGE,91,196.84637328801205
1843,SCE,SDGE,92,271.27931609857944
1844,SCE,SDGE,93,203.622029971259
1845,SCE,SDGE,94,133.62837687348303
1846,SCE,SDGE,95,4.1707871427236895e-13
1847,SCE,SDGE,96,0.0
1848,SCE,PGE_bay,73,0.0
1849,SCE,PGE_bay,74,0.0
1850,SCE,PGE_bay,75,0.0
1851,SCE,PGE_bay,76,0.0
1852,SCE,PGE_bay,77,0.0
1853,SCE,PGE_bay,78,0.0
1854,SCE,PGE_bay,79,0.0
1855,SCE,PGE_bay,80,0.0
1856,SCE,PGE_bay,81,0.0
1857,SCE,PGE_bay,82,0.0
1858,SCE,PGE_bay,83,0.0
1859,SCE,PGE_bay,84,0.0
1860,SCE,PGE_bay,85,0.0
1861,SCE,PGE_bay,86,0.0
1862,SCE,PGE_bay,87,0.0
1863,SCE,PGE_bay,88,0.0
1864,SCE,PGE_bay,89,0.0
1865,SCE,PGE_bay,90,0.0
1866,SCE,PGE_bay,91,0.0
1867,SCE,PGE_bay,92,0.0
1868,SCE,PGE_bay,93,0.0
1869,SCE,PGE_bay,94,0.0
1870,SCE,PGE_bay,95,0.0
1871,SCE,PGE_bay,96,0.0
1872,SCE,PGE_valley,73,0.0
1873,SCE,PGE_valley,74,0.0
1874,SCE,PGE_valley,75,0.0
1875,SCE,PGE_valley,76,0.0
1876,SCE,PGE_valley,77,0.0
1877,SCE,PGE_valley,78,0.0
1878,SCE,PGE_valley,79,0.0
1879,SCE,PGE_valley,80,0.0
1880,SCE,PGE_valley,81,0.0
1881,SCE,PGE_valley,82,0.0
1882,SCE,PGE_valley,83,0.0
1883,SCE,PGE_valley,84,0.0
1884,SCE,PGE_valley,85,0.0
1885,SCE,PGE_valley,86,0.0
1886,SCE,PGE_valley,87,0.0
1887,SCE,PGE_valley,88,0.0
1888,SCE,PGE_valley,89,0.0
1889,SCE,PGE_valley,90,0.0
1890,SCE,PGE_valley,91,0.0
1891,SCE,PGE_valley,92,0.0
1892,SCE,PGE_valley,93,0.0
1893,SCE,PGE_valley,94,0.0
1894,SCE,PGE_valley,95,0.0
1895,SCE,PGE_valley,96,0.0
1896,SCE,PNW,73,0.0
1897,SCE,PNW,74,0.0
1898,SCE,PNW,75,0.0
1899,SCE,PNW,76,0.0
1900,SCE,PNW,77,0.0
1901,SCE,PNW,78,0.0
1902,SCE,PNW,79,0.0
1903,SCE,PNW,80,0.0
1904,SCE,PNW,81,0.0
1905,SCE,PNW,82,0.0
1906,SCE,PNW,83,0.0
1907,SCE,PNW,84,0.0
1908,SCE,PNW,85,0.0
1909,SCE,PNW,86,0.0
1910,SCE,PNW,87,0.0
1911,SCE,PNW,88,0.0
1912,SCE,PNW,89,0.0
1913,SCE,PNW,90,0.0
1914,SCE,PNW,91,0.0
1915,SCE,PNW,92,0.0
1916,SCE,PNW,93,0.0
1917,SCE,PNW,94,0.0
1918,SCE,PNW,95,0.0
1919,SCE,PNW,96,0.0
1920,SDGE,SCE,73,0.0
1921,SDGE,SCE,74,0.0
1922,SDGE,SCE,75,0.0
1923,SDGE,SCE,76,0.0
1924,SDGE,SCE,77,0.0
1925,SDGE,SCE,78,0.0
1926,SDGE,SCE,79,0.0
1927,SDGE,SCE,80,0.0
1928,SDGE,SCE,81,0.0
1929,SDGE,SCE,82,0.0
1930,SDGE,SCE,83,0.0
1931,SDGE,SCE,84,0.0
1932,SDGE,SCE,85,0.0
1933,SDGE,SCE,86,0.0
1934,SDGE,SCE,87,0.0
1935,SDGE,SCE,88,0.0
1936,SDGE,SCE,89,0.0
1937,SDGE,SCE,90,0.0
1938,SDGE,SCE,91,0.0
1939,SDGE,SCE,92,0.0
1940,SDGE,SCE,93,0.0
1941,SDGE,SCE,94,0.0
1942,SDGE,SCE,95,0.0
1943,SDGE,SCE,96,0.0
1944,SDGE,SDGE,73,0.0
1945,SDGE,SDGE,74,0.0
1946,SDGE,SDGE,75,0.0
1947,SDGE,SDGE,76,0.0
1948,SDGE,SDGE,77,0.0
1949,SDGE,SDGE,78,0.0
1950,SDGE,SDGE,79,0.0
1951,SDGE,SDGE,80,0.0
1952,SDGE,SDGE,81,0.0
1953,SDGE,SDGE,82,0.0
1954,SDGE,SDGE,83,0.0
1955,SDGE,SDGE,84,0.0
1956,SDGE,SDGE,85,0.0
1957,SDGE,SDGE,86,0.0
1958,SDGE,SDGE,87,0.0
1959,SDGE,SDGE,88,0.0
1960,SDGE,SDGE,89,0.0
1961,SDGE,SDGE,90,0.0
1962,SDGE,SDGE,91,0.0
1963,SDGE,SDGE,92,0.0
1964,SDGE,SDGE,93,0.0
1965,SDGE,SDGE,94,0.0
1966,SDGE,SDGE,95,0.0
1967,SDGE,SDGE,96,0.0
1968,SDGE,PGE_bay,73,0.0
1969,SDGE,PGE_bay,74,0.0
1970,SDGE,PGE_bay,75,0.0
1971,SDGE,PGE_bay,76,0.0
1972,SDGE,PGE_bay,77,0.0
1973,SDGE,PGE_bay,78,0.0
1974,SDGE,PGE_bay,79,0.0
1975,SDGE,PGE_bay,80,0.0
1976,SDGE,PGE_bay,81,0.0
1977,SDGE,PGE_bay,82,0.0
1978,SDGE,PGE_bay,83,0.0
1979,SDGE,PGE_bay,84,0.0
1980,SDGE,PGE_bay,85,0.0
1981,SDGE,PGE_bay,86,0.0
1982,SDGE,PGE_bay,87,0.0
1983,SDGE,PGE_bay,88,0.0
1984,SDGE,PGE_bay,89,0.0
1985,SDGE,PGE_bay,90,0.0
1986,SDGE,PGE_bay,91,0.0
1987,SDGE,PGE_bay,92,0.0
1988,SDGE,PGE_bay,93,0.0
1989,SDGE,PGE_bay,94,0.0
1990,SDGE,PGE_bay,95,0.0
1991,SDGE,PGE_bay,96,0.0
1992,SDGE,PGE_valley,73,0.0
1993,SDGE,PGE_valley,74,0.0
1994,SDGE,PGE_valley,75,0.0
1995,SDGE,PGE_valley,76,0.0
1996,SDGE,PGE_valley,77,0.0
1997,SDGE,PGE_valley,78,0.0
1998,SDGE,PGE_valley,79,0.0
1999,SDGE,PGE_valley,80,0.0
2000,SDGE,PGE_valley,81,0.0
2001,SDGE,PGE_valley,82,0.0
2002,SDGE,PGE_valley,83,0.0
2003,SDGE,PGE_valley,84,0.0
2004,SDGE,PGE_valley,85,0.0
2005,SDGE,PGE_valley,86,0.0
2006,SDGE,PGE_valley,87,0.0
2007,SDGE,PGE_valley,88,0.0
2008,SDGE,PGE_valley,89,0.0
2009,SDGE,PGE_valley,90,0.0
2010,SDGE,PGE_valley,91,0.0
2011,SDGE,PGE_valley,92,0.0
2012,SDGE,PGE_valley,93,0.0
2013,SDGE,PGE_valley,94,0.0
2014,SDGE,PGE_valley,95,0.0
2015,SDGE,PGE_valley,96,0.0
2016,SDGE,PNW,73,0.0
2017,SDGE,PNW,74,0.0
2018,SDGE,PNW,75,0.0
2019,SDGE,PNW,76,0.0
2020,SDGE,PNW,77,0.0
2021,SDGE,PNW,78,0.0
2022,SDGE,PNW,79,0.0
2023,SDGE,PNW,80,0.0
2024,SDGE,PNW,81,0.0
2025,SDGE,PNW,82,0.0
2026,SDGE,PNW,83,0.0
2027,SDGE,PNW,84,0.0
2028,SDGE,PNW,85,0.0
2029,SDGE,PNW,86,0.0
2030,SDGE,PNW,87,0.0
2031,SDGE,PNW,88,0.0
2032,SDGE,PNW,89,0.0
2033,SDGE,PNW,90,0.0
2034,SDGE,PNW,91,0.0
2035,SDGE,PNW,92,0.0
2036,SDGE,PNW,93,0.0
2037,SDGE,PNW,94,0.0
2038,SDGE,PNW,95,0.0
2039,SDGE,PNW,96,0.0
2040,PGE_bay,SCE,73,0.0
2041,PGE_bay,SCE,74,0.0
2042,PGE_bay,SCE,75,0.0
2043,PGE_bay,SCE,76,0.0
2044,PGE_bay,SCE,77,0.0
2045,PGE_bay,SCE,78,0.0
2046,PGE_bay,SCE,79,0.0
2047,PGE_bay,SCE,80,0.0
2048,PGE_bay,SCE,81,0.0
2049,PGE_bay,SCE,82,0.0
2050,PGE_bay,SCE,83,0.0
2051,PGE_bay,SCE,84,0.0
2052,PGE_bay,SCE,85,0.0
2053,PGE_bay,SCE,86,0.0
2054,PGE_bay,SCE,87,0.0
2055,PGE_bay,SCE,88,0.0
2056,PGE_bay,SCE,89,0.0
2057,PGE_bay,SCE,90,0.0
2058,PGE_bay,SCE,91,0.0
2059,PGE_bay,SCE,92,0.0
2060,PGE_bay,SCE,93,0.0
2061,PGE_bay,SCE,94,0.0
2062,PGE_bay,SCE,95,0.0
2063,PGE_bay,SCE,96,0.0
2064,PGE_bay,SDGE,73,0.0
2065,PGE_bay,SDGE,74,0.0
2066,PGE_bay,SDGE,75,0.0
2067,PGE_bay,SDGE,76,0.0
2068,PGE_bay,SDGE,77,0.0
2069,PGE_bay,SDGE,78,0.0
2070,PGE_bay,SDGE,79,0.0
2071,PGE_bay,SDGE,80,0.0
2072,PGE_bay,SDGE,81,0.0
2073,PGE_bay,SDGE,82,0.0
2074,PGE_bay,SDGE,83,0.0
2075,PGE_bay,SDGE,84,0.0
2076,PGE_bay,SDGE,85,0.0
2077,PGE_bay,SDGE,86,0.0
2078,PGE_bay,SDGE,87,0.0
2079,PGE_bay,SDGE,88,0.0
2080,PGE_bay,SDGE,89,0.0
2081,PGE_bay,SDGE,90,0.0
2082,PGE_bay,SDGE,91,0.0
2083,PGE_bay,SDGE,92,0.0
2084,PGE_bay,SDGE,93,0.0
2085,PGE_bay,SDGE,94,0.0
2086,PGE_bay,SDGE,95,0.0
2087,PGE_bay,SDGE,96,0.0
2088,PGE_bay,PGE_bay,73,0.0
2089,PGE_bay,PGE_bay,74,0.0
2090,PGE_bay,PGE_bay,75,0.0
2091,PGE_bay,PGE_bay,76,0.0
2092,PGE_bay,PGE_bay,77,0.0
2093,PGE_bay,PGE_bay,78,0.0
2094,PGE_bay,PGE_bay,79,0.0
2095,PGE_bay,PGE_bay,80,0.0
2096,PGE_bay,PGE_bay,81,0.0
2097,PGE_bay,PGE_bay,82,0.0
2098,PGE_bay,PGE_bay,83,0.0
2099,PGE_bay,PGE_bay,84,0.0
2100,PGE_bay,PGE_bay,85,0.0
2101,PGE_bay,PGE_bay,86,0.0
2102,PGE_bay,PGE_bay,87,0.0
2103,PGE_bay,PGE_bay,88,0.0
2104,PGE_bay,PGE_bay,89,0.0
2105,PGE_bay,PGE_bay,90,0.0
2106,PGE_bay,PGE_bay,91,0.0
2107,PGE_bay,PGE_bay,92,0.0
2108,PGE_bay,PGE_bay,93,0.0
2109,PGE_bay,PGE_bay,94,0.0
2110,PGE_bay,PGE_bay,95,0.0
2111,PGE_bay,PGE_bay,96,0.0
2112,PGE_bay,PGE_valley,73,0.0
2113,PGE_bay,PGE_valley,74,0.0
2114,PGE_bay,PGE_valley,75,0.0
2115,PGE_bay,PGE_valley,76,0.0
2116,PGE_bay,PGE_valley,77,0.0
2117,PGE_bay,PGE_valley,78,0.0
2118,PGE_bay,PGE_valley,79,0.0
2119,PGE_bay,PGE_valley,80,0.0
2120,PGE_bay,PGE_valley,81,0.0
2121,PGE_bay,PGE_valley,82,0.0
2122,PGE_bay,PGE_valley,83,0.0
2123,PGE_bay,PGE_valley,84,0.0
2124,PGE_bay,PGE_valley,85,0.0
2125,PGE_bay,PGE_valley,86,0.0
2126,PGE_bay,PGE_valley,87,0.0
2127,PGE_bay,PGE_valley,88,0.0
2128,PGE_bay,PGE_valley,89,0.0
2129,PGE_bay,PGE_valley,90,0.0
2130,PGE_bay,PGE_valley,91,0.0
2131,PGE_bay,PGE_valley,92,0.0
2132,PGE_bay,PGE_valley,93,0.0
2133,PGE_bay,PGE_valley,94,0.0
2134,PGE_bay,PGE_valley,95,0.0
2135,PGE_bay,PGE_valley,96,0.0
2136,PGE_bay,PNW,73,0.0
2137,PGE_bay,PNW,74,0.0
2138,PGE_bay,PNW,75,0.0
2139,PGE_bay,PNW,76,0.0
2140,PGE_bay,PNW,77,0.0
2141,PGE_bay,PNW,78,0.0
2142,PGE_bay,PNW,79,0.0
2143,PGE_bay,PNW,80,0.0
2144,PGE_bay,PNW,81,0.0
2145,PGE_bay,PNW,82,0.0
2146,PGE_bay,PNW,83,0.0
2147,PGE_bay,PNW,84,0.0
2148,PGE_bay,PNW,85,0.0
2149,PGE_bay,PNW,86,0.0
2150,PGE_bay,PNW,87,0.0
2151,PGE_bay,PNW,88,0.0
2152,PGE_bay,PNW,89,0.0
2153,PGE_bay,PNW,90,0.0
2154,PGE_bay,PNW,91,0.0
2155,PGE_bay,PNW,92,0.0
2156,PGE_bay,PNW,93,0.0
2157,PGE_bay,PNW,94,0.0
2158,PGE_bay,PNW,95,0.0
2159,PGE_bay,PNW,96,0.0
2160,PGE_valley,SCE,73,0.0
2161,PGE_valley,SCE,74,0.0
2162,PGE_valley,SCE,75,0.0
2163,PGE_valley,SCE,76,0.0
2164,PGE_valley,SCE,77,0.0
2165,PGE_valley,SCE,78,0.0
2166,PGE_valley,SCE,79,0.0
2167,PGE_valley,SCE,80,60.131130521935056
2168,PGE_valley,SCE,81,0.0
2169,PGE_valley,SCE,82,0.0
2170,PGE_valley,SCE,83,0.0
2171,PGE_valley,SCE,84,0.0
2172,PGE_valley,SCE,85,0.0
2173,PGE_valley,SCE,86,0.0
2174,PGE_valley,SCE,87,0.0
2175,PGE_valley,SCE,88,0.0
2176,PGE_valley,SCE,89,290.27096376512947
2177,PGE_valley,SCE,90,97.85300663164703
2178,PGE_valley,SCE,91,494.94260306835076
2179,PGE_valley,SCE,92,377.56404406843853
2180,PGE_valley,SCE,93,603.8066873138023
2181,PGE_valley,SCE,94,565.4107418459163
2182,PGE_valley,SCE,95,0.0
2183,PGE_valley,SCE,96,0.0
2184,PGE_valley,SDGE,73,0.0
2185,PGE_valley,SDGE,74,0.0
2186,PGE_valley,SDGE,75,0.0
2187,PGE_valley,SDGE,76,0.0
2188,PGE_valley,SDGE,77,0.0
2189,PGE_valley,SDGE,78,0.0
2190,PGE_valley,SDGE,79,0.0
2191,PGE_valley,SDGE,80,0.0
2192,PGE_valley,SDGE,81,0.0
2193,PGE_valley,SDGE,82,0.0
2194,PGE_valley,SDGE,83,0.0
2195,PGE_valley,SDGE,84,0.0
2196,PGE_valley,SDGE,85,0.0
2197,PGE_valley,SDGE,86,0.0
2198,PGE_valley,SDGE,87,0.0
2199,PGE_valley,SDGE,88,0.0
2200,PGE_valley,SDGE,89,0.0
2201,PGE_valley,SDGE,90,0.0
2202,PGE_valley,SDGE,91,0.0
2203,PGE_valley,SDGE,92,0.0
2204,PGE_valley,SDGE,93,0.0
2205,PGE_valley,SDGE,94,0.0
2206,PGE_valley,SDGE,95,0.0
2207,PGE_valley,SDGE,96,0.0
2208,PGE_valley,PGE_bay,73,3215.403357042607
2209,PGE_valley,PGE_bay,74,2938.3457839199073
2210,PGE_valley,PGE_bay,75,2873.2150022713035
2211,PGE_valley,PGE_bay,76,2738.518939122456
2212,PGE_valley,PGE_bay,77,2940.39361971424
2213,PGE_valley,PGE_bay,78,3076.443056951033
2214,PGE_valley,PGE_bay,79,3485.520395784324
2215,PGE_valley,PGE_bay,80,4068.2611619611853
2216,PGE_valley,PGE_bay,81,4307.103626053065
2217,PGE_valley,PGE_bay,82,4523.588713994313
2218,PGE_valley,PGE_bay,83,4580.222098567953
2219,PGE_valley,PGE_bay,84,4175.802107189743
2220,PGE_valley,PGE_bay,85,4036.9288459071313
2221,PGE_valley,PGE_bay,86,3953.519175851826
2222,PGE_valley,PGE_bay,87,3802.7398354643638
2223,PGE_valley,PGE_bay,88,3893.362538313326
2224,PGE_valley,PGE_bay,89,4012.8397216450685
2225,PGE_valley,PGE_bay,90,4255.210650250094
2226,PGE_valley,PGE_bay,91,4459.094679136474
2227,PGE_valley,PGE_bay,92,4426.943437233604
2228,PGE_valley,PGE_bay,93,4048.782628614189
2229,PGE_valley,PGE_bay,94,4059.3615592013857
2230,PGE_valley,PGE_bay,95,3830.5713198114217
2231,PGE_valley,PGE_bay,96,3418.591063006052
2232,PGE_valley,PGE_valley,73,0.0
2233,PGE_valley,PGE_valley,74,0.0
2234,PGE_valley,PGE_valley,75,0.0
2235,PGE_valley,PGE_valley,76,0.0
2236,PGE_valley,PGE_valley,77,0.0
2237,PGE_valley,PGE_valley,78,0.0
2238,PGE_valley,PGE_valley,79,0.0
2239,PGE_valley,PGE_valley,80,0.0
2240,PGE_valley,PGE_valley,81,0.0
2241,PGE_valley,PGE_valley,82,0.0
2242,PGE_valley,PGE_valley,83,0.0
2243,PGE_valley,PGE_valley,84,0.0
2244,PGE_valley,PGE_valley,85,0.0
2245,PGE_valley,PGE_valley,86,0.0
2246,PGE_valley,PGE_valley,87,0.0
2247,PGE_valley,PGE_valley,88,0.0
2248,PGE_valley,PGE_valley,89,0.0
2249,PGE_valley,PGE_valley,90,0.0
2250,PGE_valley,PGE_valley,91,0.0
2251,PGE_valley,PGE_valley,92,0.0
2252,PGE_valley,PGE_valley,93,0.0
2253,PGE_valley,PGE_valley,94,0.0
2254,PGE_valley,PGE_valley,95,0.0
2255,PGE_valley,PGE_valley,96,0.0
2256,PGE_valley,PNW,73,0.0
2257,PGE_valley,PNW,74,0.0
2258,PGE_valley,PNW,75,0.0
2259,PGE_valley,PNW,76,0.0
2260,PGE_valley,PNW,77,0.0
2261,PGE_valley,PNW,78,0.0
2262,PGE_valley,PNW,79,0.0
2263,PGE_valley,PNW,80,0.0
2264,PGE_valley,PNW,81,0.0
2265,PGE_valley,PNW,82,0.0
2266,PGE_valley,PNW,83,0.0
2267,PGE_valley,PNW,84,0.0
2268,PGE_valley,PNW,85,0.0
2269,PGE_valley,PNW,86,0.0
2270,PGE_valley,PNW,87,0.0
2271,PGE_valley,PNW,88,0.0
2272,PGE_valley,PNW,89,0.0
2273,PGE_valley,PNW,90,0.0
2274,PGE_valley,PNW,91,0.0
2275,PGE_valley,PNW,92,0.0
2276,PGE_valley,PNW,93,0.0
2277,PGE_valley,PNW,94,0.0
2278,PGE_valley,PNW,95,0.0
2279,PGE_valley,PNW,96,0.0
2280,PNW,SCE,73,0.0
2281,PNW,SCE,74,0.0
2282,PNW,SCE,75,0.0
2283,PNW,SCE,76,0.0
2284,PNW,SCE,77,0.0
2285,PNW,SCE,78,0.0
2286,PNW,SCE,79,0.0
2287,PNW,SCE,80,0.0
2288,PNW,SCE,81,0.0
2289,PNW,SCE,82,0.0
2290,PNW,SCE,83,0.0
2291,PNW,SCE,84,0.0
2292,PNW,SCE,85,0.0
2293,PNW,SCE,86,0.0
2294,PNW,SCE,87,0.0
2295,PNW,SCE,88,0.0
2296,PNW,SCE,89,0.0
2297,PNW,SCE,90,0.0
2298,PNW,SCE,91,0.0
2299,PNW,SCE,92,0.0
2300,PNW,SCE,93,0.0
2301,PNW,SCE,94,0.0
2302,PNW,SCE,95,0.0
2303,PNW,SCE,96,0.0
2304,PNW,SDGE,73,0.0
2305,PNW,SDGE,74,0.0
2306,PNW,SDGE,75,0.0
2307,PNW,SDGE,76,0.0
2308,PNW,SDGE,77,0.0
2309,PNW,SDGE,78,0.0
2310,PNW,SDGE,79,0.0
2311,PNW,SDGE,80,0.0
2312,PNW,SDGE,81,0.0
2313,PNW,SDGE,82,0.0
2314,PNW,SDGE,83,0.0
2315,PNW,SDGE,84,0.0
2316,PNW,SDGE,85,0.0
2317,PNW,SDGE,86,0.0
2318,PNW,SDGE,87,0.0
2319,PNW,SDGE,88,0.0
2320,PNW,SDGE,89,0.0
2321,PNW,SDGE,90,0.0
2322,PNW,SDGE,91,0.0
2323,PNW,SDGE,92,0.0
2324,PNW,SDGE,93,0.0
2325,PNW,SDGE,94,0.0
2326,PNW,SDGE,95,0.0
2327,PNW,SDGE,96,0.0
2328,PNW,PGE_bay,73,0.0
2329,PNW,PGE_bay,74,0.0
2330,PNW,PGE_bay,75,0.0
2331,PNW,PGE_bay,76,0.0
2332,PNW,PGE_bay,77,0.0
2333,PNW,PGE_bay,78,0.0
2334,PNW,PGE_bay,79,0.0
2335,PNW,PGE_bay,80,0.0
2336,PNW,PGE_bay,81,0.0
2337,PNW,PGE_bay,82,0.0
2338,PNW,PGE_bay,83,0.0
2339,PNW,PGE_bay,84,0.0
2340,PNW,PGE_bay,85,0.0
2341,PNW,PGE_bay,86,0.0
2342,PNW,PGE_bay,87,0.0
2343,PNW,PGE_bay,88,0.0
2344,PNW,PGE_bay,89,0.0
2345,PNW,PGE_bay,90,0.0
2346,PNW,PGE_bay,91,0.0
2347,PNW,PGE_bay,92,0.0
2348,PNW,PGE_bay,93,0.0
2349,PNW,PGE_bay,94,0.0
2350,PNW,PGE_bay,95,0.0
2351,PNW,PGE_bay,96,0.0
2352,PNW,PGE_valley,73,4200.0
2353,PNW,PGE_valley,74,4200.0
2354,PNW,PGE_valley,75,4200.0
2355,PNW,PGE_valley,76,4200.0
2356,PNW,PGE_valley,77,4200.0
2357,PNW,PGE_valley,78,4200.0
2358,PNW,PGE_valley,79,4200.0
2359,PNW,PGE_valley,80,4200.0
2360,PNW,PGE_valley,81,4200.0
2361,PNW,PGE_valley,82,4200.0
2362,PNW,PGE_valley,83,4200.0
2363,PNW,PGE_valley,84,4200.0
2364,PNW,PGE_valley,85,4200.0
2365,PNW,PGE_valley,86,4200.0
2366,PNW,PGE_valley,87,4200.0
2367,PNW,PGE_valley,88,4200.0
2368,PNW,PGE_valley,89,4200.0
2369,PNW,PGE_valley,90,4200.0
2370,PNW,PGE_valley,91,4200.0
2371,PNW,PGE_valley,92,4200.0
2372,PNW,PGE_valley,93,4200.0
2373,PNW,PGE_valley,94,4200.0
2374,PNW,PGE_valley,95,4200.0
2375,PNW,PGE_valley,96,4200.0
2376,PNW,PNW,73,0.0
2377,PNW,PNW,74,0.0
2378,PNW,PNW,75,0.0
2379,PNW,PNW,76,0.0
2380,PNW,PNW,77,0.0
2381,PNW,PNW,78,0.0
2382,PNW,PNW,79,0.0
2383,PNW,PNW,80,0.0
2384,PNW,PNW,81,0.0
2385,PNW,PNW,82,0.0
2386,PNW,PNW,83,0.0
2387,PNW,PNW,84,0.0
2388,PNW,PNW,85,0.0
2389,PNW,PNW,86,0.0
2390,PNW,PNW,87,0.0
2391,PNW,PNW,88,0.0
2392,PNW,PNW,89,0.0
2393,PNW,PNW,90,0.0
2394,PNW,PNW,91,0.0
2395,PNW,PNW,92,0.0
2396,PNW,PNW,93,0.0
2397,PNW,PNW,94,0.0
2398,PNW,PNW,95,0.0
2399,PNW,PNW,96,0.0
